Year,NOC,Athletes,Total_Medals,Efficiency
1896,AUS,1,5,5.0
1896,AUT,3,8,2.6666666666666665
1896,DEN,3,15,5.0
1896,FRA,12,26,2.1666666666666665
1896,GBR,10,25,2.5
1896,GER,19,94,4.947368421052632
1896,GRE,102,148,1.4509803921568627
1896,HUN,7,18,2.5714285714285716
1896,ITA,1,1,1.0
1896,SUI,3,8,2.6666666666666665
1896,SWE,1,5,5.0
1896,USA,14,27,1.9285714285714286
1900,ARG,1,1,1.0
1900,AUS,2,6,3.0
1900,AUT,16,26,1.625
1900,BEL,64,100,1.5625
1900,BOH,7,9,1.2857142857142858
1900,BRA,1,3,3.0
1900,CAN,4,7,1.75
1900,COL,1,1,1.0
1900,CUB,1,2,2.0
1900,DEN,13,36,2.769230769230769
1900,ESP,9,12,1.3333333333333333
1900,FRA,720,1071,1.4875
1900,GBR,104,146,1.4038461538461537
1900,GER,76,103,1.355263157894737
1900,GRE,3,4,1.3333333333333333
1900,HAI,3,4,1.3333333333333333
1900,HUN,18,34,1.8888888888888888
1900,IND,1,5,5.0
1900,IRI,1,1,1.0
1900,ITA,23,36,1.565217391304348
1900,LUX,1,1,1.0
1900,MEX,3,3,1.0
1900,NED,35,73,2.085714285714286
1900,NOR,7,29,4.142857142857143
1900,NZL,1,1,1.0
1900,PER,1,2,2.0
1900,ROU,1,1,1.0
1900,RUS,4,5,1.25
1900,SUI,18,52,2.888888888888889
1900,SWE,10,27,2.7
1900,USA,75,135,1.8
1904,AUS,2,6,3.0
1904,AUT,2,7,3.5
1904,CAN,56,61,1.0892857142857142
1904,CUB,3,6,2.0
1904,FRA,1,2,2.0
1904,GBR,6,6,1.0
1904,GER,22,55,2.5
1904,GRE,14,17,1.2142857142857142
1904,HUN,4,9,2.25
1904,ITA,1,1,1.0
1904,NFL,1,1,1.0
1904,NOR,3,6,2.0
1904,RSA,8,8,1.0
1904,SUI,3,7,2.3333333333333335
1904,USA,524,1109,2.116412213740458
1906,AUS,4,10,2.5
1906,AUT,31,100,3.225806451612903
1906,BEL,16,31,1.9375
1906,BOH,13,29,2.230769230769231
1906,CAN,3,4,1.3333333333333333
1906,CRT,8,11,1.375
1906,DEN,49,68,1.3877551020408163
1906,EGY,2,5,2.5
1906,FIN,4,18,4.5
1906,FRA,56,174,3.107142857142857
1906,GBR,48,113,2.3541666666666665
1906,GER,49,157,3.204081632653061
1906,GRE,312,484,1.5512820512820513
1906,HUN,35,99,2.8285714285714287
1906,ITA,76,103,1.355263157894737
1906,NED,16,49,3.0625
1906,NOR,32,55,1.71875
1906,SUI,9,45,5.0
1906,SWE,39,95,2.4358974358974357
1906,TUR,1,2,2.0
1906,USA,38,81,2.1315789473684212
1908,ANZ,30,48,1.6
1908,ARG,1,1,1.0
1908,AUT,7,13,1.8571428571428572
1908,BEL,70,99,1.4142857142857144
1908,BOH,19,41,2.1578947368421053
1908,CAN,87,148,1.7011494252873562
1908,DEN,78,107,1.3717948717948718
1908,FIN,62,94,1.5161290322580645
1908,FRA,208,319,1.5336538461538463
1908,GBR,735,972,1.3224489795918368
1908,GER,82,148,1.8048780487804879
1908,GRE,20,49,2.45
1908,HUN,65,107,1.646153846153846
1908,ISL,1,1,1.0
1908,ITA,66,97,1.4696969696969697
1908,NED,113,218,1.9292035398230087
1908,NOR,69,103,1.4927536231884058
1908,RSA,14,33,2.357142857142857
1908,RUS,6,7,1.1666666666666667
1908,SUI,1,1,1.0
1908,SWE,168,276,1.6428571428571428
1908,USA,122,219,1.7950819672131149
1912,ANZ,25,38,1.52
1912,AUT,85,132,1.5529411764705883
1912,BEL,36,72,2.0
1912,BOH,43,74,1.7209302325581395
1912,CAN,37,60,1.6216216216216217
1912,CHI,14,28,2.0
1912,DEN,152,233,1.5328947368421053
1912,FIN,164,233,1.420731707317073
1912,FRA,119,232,1.949579831932773
1912,GBR,274,461,1.6824817518248176
1912,GER,185,312,1.6864864864864866
1912,GRE,22,77,3.5
1912,HUN,121,207,1.7107438016528926
1912,ISL,2,2,1.0
1912,ITA,66,96,1.4545454545454546
1912,JPN,2,4,2.0
1912,LUX,21,44,2.0952380952380953
1912,NED,33,45,1.3636363636363635
1912,NOR,190,263,1.3842105263157896
1912,POL,1,1,1.0
1912,POR,6,8,1.3333333333333333
1912,RSA,21,56,2.6666666666666665
1912,RUS,159,266,1.6729559748427674
1912,SRB,2,2,1.0
1912,SUI,7,7,1.0
1912,SWE,444,714,1.6081081081081081
1912,TUR,2,7,3.5
1912,UNK,2,2,1.0
1912,USA,174,364,2.0919540229885056
1920,ARG,1,1,1.0
1920,AUS,13,29,2.230769230769231
1920,BEL,336,518,1.5416666666666667
1920,BRA,19,38,2.0
1920,CAN,52,85,1.6346153846153846
1920,CHI,2,2,1.0
1920,DEN,154,246,1.5974025974025974
1920,EGY,18,22,1.2222222222222223
1920,ESP,58,111,1.9137931034482758
1920,EST,14,20,1.4285714285714286
1920,FIN,63,136,2.1587301587301586
1920,FRA,304,452,1.486842105263158
1920,GBR,234,345,1.4743589743589745
1920,GRE,47,98,2.0851063829787235
1920,IND,5,7,1.4
1920,ITA,174,291,1.6724137931034482
1920,JPN,15,26,1.7333333333333334
1920,LUX,25,35,1.4
1920,MON,4,7,1.75
1920,NED,130,213,1.6384615384615384
1920,NOR,193,267,1.383419689119171
1920,NZL,4,6,1.5
1920,POR,13,40,3.076923076923077
1920,RSA,39,97,2.4871794871794872
1920,SUI,77,126,1.6363636363636365
1920,SWE,260,404,1.5538461538461539
1920,TCH,119,182,1.5294117647058822
1920,USA,288,473,1.6423611111111112
1920,YUG,15,15,1.0
1924,ARG,77,109,1.4155844155844155
1924,AUS,37,61,1.6486486486486487
1924,AUT,53,60,1.1320754716981132
1924,BEL,190,266,1.4
1924,BRA,12,18,1.5
1924,BUL,24,31,1.2916666666666667
1924,CAN,77,100,1.2987012987012987
1924,CHI,13,18,1.3846153846153846
1924,CUB,9,13,1.4444444444444444
1924,DEN,89,158,1.7752808988764044
1924,ECU,3,4,1.3333333333333333
1924,EGY,24,30,1.25
1924,ESP,95,151,1.5894736842105264
1924,EST,37,47,1.2702702702702702
1924,FIN,136,286,2.1029411764705883
1924,FRA,444,704,1.5855855855855856
1924,GBR,311,478,1.5369774919614148
1924,GRE,39,79,2.0256410256410255
1924,HAI,8,16,2.0
1924,HUN,93,146,1.5698924731182795
1924,IND,20,31,1.55
1924,IRL,48,60,1.25
1924,ITA,223,357,1.600896860986547
1924,JPN,19,37,1.9473684210526316
1924,LAT,37,54,1.4594594594594594
1924,LTU,13,13,1.0
1924,LUX,48,122,2.5416666666666665
1924,MEX,15,28,1.8666666666666667
1924,MON,7,9,1.2857142857142858
1924,NED,177,246,1.3898305084745763
1924,NEP,1,1,1.0
1924,NOR,76,141,1.855263157894737
1924,NZL,4,6,1.5
1924,PHI,1,2,2.0
1924,POL,72,115,1.5972222222222223
1924,POR,28,47,1.6785714285714286
1924,ROU,35,45,1.2857142857142858
1924,RSA,30,44,1.4666666666666666
1924,RUS,3,3,1.0
1924,SUI,170,301,1.7705882352941176
1924,SWE,190,297,1.563157894736842
1924,TCH,160,273,1.70625
1924,TUR,22,23,1.0454545454545454
1924,URU,26,40,1.5384615384615385
1924,USA,323,500,1.5479876160990713
1924,YUG,46,123,2.6739130434782608
1928,ARG,91,108,1.1868131868131868
1928,AUS,18,29,1.6111111111111112
1928,AUT,111,162,1.4594594594594594
1928,BEL,211,286,1.3554502369668247
1928,BUL,5,10,2.0
1928,CAN,92,144,1.565217391304348
1928,CHI,38,46,1.2105263157894737
1928,CUB,1,1,1.0
1928,DEN,91,122,1.3406593406593406
1928,EGY,32,43,1.34375
1928,ESP,80,106,1.325
1928,EST,22,29,1.3181818181818181
1928,FIN,87,159,1.8275862068965518
1928,FRA,293,469,1.6006825938566553
1928,GBR,264,393,1.4886363636363635
1928,GER,339,450,1.3274336283185841
1928,GRE,23,47,2.0434782608695654
1928,HAI,2,3,1.5
1928,HUN,121,235,1.9421487603305785
1928,IND,21,24,1.1428571428571428
1928,IRL,38,44,1.1578947368421053
1928,ITA,187,289,1.5454545454545454
1928,JPN,46,66,1.434782608695652
1928,LAT,18,27,1.5
1928,LTU,13,17,1.3076923076923077
1928,LUX,53,112,2.1132075471698113
1928,MEX,35,60,1.7142857142857142
1928,MLT,9,9,1.0
1928,MON,10,12,1.2
1928,NED,273,395,1.4468864468864469
1928,NOR,76,113,1.486842105263158
1928,NZL,9,13,1.4444444444444444
1928,PAN,1,2,2.0
1928,PHI,4,6,1.5
1928,POL,117,174,1.4871794871794872
1928,POR,32,39,1.21875
1928,ROU,31,43,1.3870967741935485
1928,RSA,24,40,1.6666666666666667
1928,SUI,173,279,1.6127167630057804
1928,SWE,124,169,1.3629032258064515
1928,TCH,94,175,1.8617021276595744
1928,TUR,31,40,1.2903225806451613
1928,URU,17,17,1.0
1928,USA,304,471,1.549342105263158
1928,YUG,40,94,2.35
1928,ZIM,2,2,1.0
1932,ARG,33,47,1.4242424242424243
1932,AUS,13,20,1.5384615384615385
1932,AUT,26,45,1.7307692307692308
1932,BEL,41,74,1.8048780487804879
1932,BRA,59,67,1.1355932203389831
1932,BUL,2,2,1.0
1932,CAN,144,244,1.6944444444444444
1932,CHN,1,2,2.0
1932,COL,2,2,1.0
1932,CUB,3,3,1.0
1932,DEN,43,94,2.186046511627907
1932,ESA,1,4,4.0
1932,ESP,7,8,1.1428571428571428
1932,EST,2,3,1.5
1932,FIN,47,78,1.6595744680851063
1932,FRA,111,167,1.5045045045045045
1932,GBR,111,174,1.5675675675675675
1932,GER,165,225,1.3636363636363635
1932,GRE,10,16,1.6
1932,GUA,1,1,1.0
1932,HAI,3,3,1.0
1932,HUN,62,122,1.967741935483871
1932,IND,19,26,1.368421052631579
1932,IRL,16,18,1.125
1932,ITA,124,174,1.403225806451613
1932,JPN,173,236,1.3641618497109826
1932,LAT,5,13,2.6
1932,LUX,3,11,3.6666666666666665
1932,MEX,73,100,1.36986301369863
1932,MON,1,1,1.0
1932,NED,46,80,1.7391304347826086
1932,NOR,26,41,1.5769230769230769
1932,NZL,21,29,1.380952380952381
1932,PER,2,3,1.5
1932,PHI,8,8,1.0
1932,POL,66,93,1.4090909090909092
1932,POR,6,8,1.3333333333333333
1932,ROU,5,8,1.6
1932,RSA,12,20,1.6666666666666667
1932,SUI,14,21,1.5
1932,SWE,93,146,1.5698924731182795
1932,TCH,31,61,1.967741935483871
1932,TUR,1,2,2.0
1932,URU,2,6,3.0
1932,USA,538,813,1.5111524163568772
1932,VEN,1,1,1.0
1932,YUG,1,1,1.0
1936,AFG,15,16,1.0666666666666667
1936,ARG,51,68,1.3333333333333333
1936,AUS,33,42,1.2727272727272727
1936,AUT,292,435,1.4897260273972603
1936,BEL,176,242,1.375
1936,BER,5,9,1.8
1936,BOL,2,2,1.0
1936,BRA,73,94,1.2876712328767124
1936,BUL,33,96,2.909090909090909
1936,CAN,126,208,1.6507936507936507
1936,CHI,40,56,1.4
1936,CHN,54,65,1.2037037037037037
1936,COL,5,6,1.2
1936,CRC,1,1,1.0
1936,DEN,121,173,1.4297520661157024
1936,EGY,53,66,1.2452830188679245
1936,ESP,6,6,1.0
1936,EST,38,45,1.1842105263157894
1936,FIN,127,222,1.7480314960629921
1936,FRA,229,337,1.4716157205240175
1936,GBR,245,290,1.183673469387755
1936,GER,488,648,1.3278688524590163
1936,GRE,42,66,1.5714285714285714
1936,HUN,238,364,1.5294117647058822
1936,IND,27,30,1.1111111111111112
1936,ISL,12,13,1.0833333333333333
1936,ITA,284,397,1.397887323943662
1936,JPN,251,374,1.4900398406374502
1936,LAT,55,69,1.2545454545454546
1936,LIE,10,12,1.2
1936,LUX,53,134,2.5283018867924527
1936,MEX,32,32,1.0
1936,MLT,11,11,1.0
1936,MON,8,11,1.375
1936,NED,173,246,1.4219653179190752
1936,NOR,100,131,1.31
1936,NZL,7,9,1.2857142857142858
1936,PER,40,46,1.15
1936,PHI,28,40,1.4285714285714286
1936,POL,164,209,1.274390243902439
1936,POR,19,26,1.368421052631579
1936,ROU,68,140,2.0588235294117645
1936,RSA,32,54,1.6875
1936,SUI,224,367,1.6383928571428572
1936,SWE,202,269,1.3316831683168318
1936,TCH,234,354,1.5128205128205128
1936,TUR,54,72,1.3333333333333333
1936,URU,37,40,1.0810810810810811
1936,USA,414,561,1.355072463768116
1936,YUG,110,197,1.790909090909091
1948,AFG,25,25,1.0
1948,ARG,208,315,1.5144230769230769
1948,AUS,75,103,1.3733333333333333
1948,AUT,201,323,1.6069651741293531
1948,BEL,163,201,1.2331288343558282
1948,BER,12,28,2.3333333333333335
1948,BRA,70,105,1.5
1948,BUL,4,9,2.25
1948,CAN,155,235,1.5161290322580645
1948,CHI,58,83,1.4310344827586208
1948,CHN,31,33,1.064516129032258
1948,COL,6,11,1.8333333333333333
1948,CUB,53,112,2.1132075471698113
1948,DEN,164,255,1.5548780487804879
1948,EGY,85,166,1.9529411764705882
1948,ESP,71,96,1.352112676056338
1948,FIN,153,260,1.6993464052287581
1948,FRA,352,493,1.4005681818181819
1948,GBR,462,668,1.4458874458874458
1948,GRE,62,99,1.596774193548387
1948,GUY,4,7,1.75
1948,HUN,150,265,1.7666666666666666
1948,IND,79,89,1.1265822784810127
1948,IRI,36,39,1.0833333333333333
1948,IRL,73,83,1.1369863013698631
1948,IRQ,11,13,1.1818181818181819
1948,ISL,24,35,1.4583333333333333
1948,ITA,269,391,1.453531598513011
1948,JAM,13,26,2.0
1948,KOR,49,55,1.1224489795918366
1948,LIB,10,12,1.2
1948,LIE,12,18,1.5
1948,LUX,45,115,2.5555555555555554
1948,MEX,88,149,1.6931818181818181
1948,MLT,1,1,1.0
1948,MON,4,4,1.0
1948,MYA,4,5,1.25
1948,NED,153,202,1.3202614379084967
1948,NOR,130,172,1.323076923076923
1948,NZL,7,8,1.1428571428571428
1948,PAK,35,44,1.2571428571428571
1948,PAN,1,2,2.0
1948,PER,41,49,1.1951219512195121
1948,PHI,26,31,1.1923076923076923
1948,POL,67,96,1.4328358208955223
1948,POR,48,65,1.3541666666666667
1948,PUR,9,9,1.0
1948,ROU,7,14,2.0
1948,RSA,35,43,1.2285714285714286
1948,SGP,1,1,1.0
1948,SRI,7,10,1.4285714285714286
1948,SUI,256,386,1.5078125
1948,SWE,223,293,1.3139013452914798
1948,SYR,1,1,1.0
1948,TCH,134,227,1.6940298507462686
1948,TTO,5,9,1.8
1948,TUR,62,97,1.564516129032258
1948,URU,61,79,1.2950819672131149
1948,USA,369,521,1.4119241192411924
1948,VEN,1,2,2.0
1948,YUG,107,192,1.794392523364486
1952,AHO,11,11,1.0
1952,ARG,135,195,1.4444444444444444
1952,AUS,90,159,1.7666666666666666
1952,AUT,150,312,2.08
1952,BAH,7,7,1.0
1952,BEL,144,199,1.3819444444444444
1952,BER,6,12,2.0
1952,BRA,97,119,1.2268041237113403
1952,BUL,73,198,2.712328767123288
1952,CAN,146,214,1.4657534246575343
1952,CHI,62,89,1.435483870967742
1952,CHN,1,1,1.0
1952,CUB,29,57,1.9655172413793103
1952,DEN,130,202,1.5538461538461539
1952,EGY,106,196,1.849056603773585
1952,ESP,31,53,1.7096774193548387
1952,FIN,307,485,1.5798045602605864
1952,FRA,271,453,1.6715867158671587
1952,GBR,275,436,1.5854545454545454
1952,GER,258,442,1.7131782945736433
1952,GHA,7,9,1.2857142857142858
1952,GRE,51,60,1.1764705882352942
1952,GUA,21,35,1.6666666666666667
1952,GUY,1,1,1.0
1952,HKG,4,9,2.25
1952,HUN,201,366,1.8208955223880596
1952,INA,3,3,1.0
1952,IND,64,94,1.46875
1952,IRI,22,23,1.0454545454545454
1952,IRL,19,25,1.3157894736842106
1952,ISL,20,42,2.1
1952,ISR,25,31,1.24
1952,ITA,264,428,1.621212121212121
1952,JAM,8,16,2.0
1952,JPN,82,158,1.9268292682926829
1952,KOR,19,22,1.1578947368421053
1952,LIB,10,12,1.2
1952,LIE,2,2,1.0
1952,LUX,44,101,2.2954545454545454
1952,MEX,64,85,1.328125
1952,MON,8,10,1.25
1952,MYA,5,5,1.0
1952,NED,115,203,1.7652173913043478
1952,NGR,9,15,1.6666666666666667
1952,NOR,173,291,1.6820809248554913
1952,NZL,17,26,1.5294117647058822
1952,PAK,38,51,1.3421052631578947
1952,PAN,1,1,1.0
1952,PHI,25,28,1.12
1952,POL,155,290,1.8709677419354838
1952,POR,72,156,2.1666666666666665
1952,PUR,21,23,1.0952380952380953
1952,ROU,130,266,2.046153846153846
1952,RSA,64,109,1.703125
1952,SAA,36,93,2.5833333333333335
1952,SGP,5,7,1.4
1952,SRI,5,7,1.4
1952,SUI,212,327,1.5424528301886793
1952,SWE,271,449,1.6568265682656826
1952,TCH,121,245,2.024793388429752
1952,THA,8,15,1.875
1952,TTO,2,2,1.0
1952,TUR,51,58,1.1372549019607843
1952,URS,295,451,1.528813559322034
1952,URU,32,42,1.3125
1952,USA,352,547,1.5539772727272727
1952,VEN,38,63,1.6578947368421053
1952,VNM,8,13,1.625
1952,YUG,93,203,2.182795698924731
1956,AFG,12,12,1.0
1956,ARG,35,44,1.2571428571428571
1956,AUS,306,429,1.4019607843137254
1956,AUT,94,144,1.5319148936170213
1956,BAH,4,5,1.25
1956,BEL,61,88,1.4426229508196722
1956,BER,3,3,1.0
1956,BOL,1,2,2.0
1956,BRA,47,63,1.3404255319148937
1956,BUL,54,97,1.7962962962962963
1956,CAM,2,2,1.0
1956,CAN,131,202,1.5419847328244274
1956,CHI,36,50,1.3888888888888888
1956,COL,26,47,1.8076923076923077
1956,CUB,16,24,1.5
1956,DEN,37,51,1.3783783783783783
1956,EGY,3,6,2.0
1956,ESP,15,30,2.0
1956,ETH,12,30,2.5
1956,FIJ,5,5,1.0
1956,FIN,102,199,1.9509803921568627
1956,FRA,177,279,1.576271186440678
1956,GBR,238,352,1.4789915966386555
1956,GER,230,351,1.5260869565217392
1956,GRE,16,22,1.375
1956,GUY,4,6,1.5
1956,HKG,2,4,2.0
1956,HUN,113,199,1.761061946902655
1956,INA,22,24,1.0909090909090908
1956,IND,59,79,1.3389830508474576
1956,IRI,20,26,1.3
1956,IRL,18,25,1.3888888888888888
1956,ISL,9,16,1.7777777777777777
1956,ISR,3,3,1.0
1956,ITA,200,300,1.5
1956,JAM,6,13,2.1666666666666665
1956,JPN,122,248,2.0327868852459017
1956,KEN,25,31,1.24
1956,KOR,39,46,1.1794871794871795
1956,LBR,4,11,2.75
1956,LIB,3,8,2.6666666666666665
1956,LIE,8,14,1.75
1956,LUX,11,27,2.4545454545454546
1956,MAL,32,34,1.0625
1956,MEX,24,36,1.5
1956,MYA,11,12,1.0909090909090908
1956,NBO,2,2,1.0
1956,NED,9,17,1.8888888888888888
1956,NGR,10,14,1.4
1956,NOR,67,106,1.5820895522388059
1956,NZL,51,57,1.1176470588235294
1956,PAK,55,79,1.4363636363636363
1956,PER,8,10,1.25
1956,PHI,39,48,1.2307692307692308
1956,POL,115,192,1.6695652173913043
1956,POR,12,18,1.5
1956,PUR,10,14,1.4
1956,ROU,69,138,2.0
1956,RSA,50,90,1.8
1956,SGP,49,52,1.0612244897959184
1956,SRI,3,3,1.0
1956,SUI,68,98,1.4411764705882353
1956,SWE,155,279,1.8
1956,TCH,104,225,2.1634615384615383
1956,THA,35,40,1.1428571428571428
1956,TPE,20,23,1.15
1956,TTO,6,10,1.6666666666666667
1956,TUR,23,38,1.6521739130434783
1956,UGA,3,5,1.6666666666666667
1956,URS,334,492,1.473053892215569
1956,URU,21,29,1.380952380952381
1956,USA,371,535,1.4420485175202156
1956,VEN,22,38,1.7272727272727273
1956,VNM,6,10,1.6666666666666667
1956,YUG,52,73,1.4038461538461537
1960,AFG,12,16,1.3333333333333333
1960,AHO,5,5,1.0
1960,ARG,98,130,1.3265306122448979
1960,AUS,219,318,1.452054794520548
1960,AUT,129,240,1.8604651162790697
1960,BAH,13,14,1.0769230769230769
1960,BEL,101,150,1.4851485148514851
1960,BER,9,9,1.0
1960,BRA,72,86,1.1944444444444444
1960,BUL,105,198,1.8857142857142857
1960,CAN,129,215,1.6666666666666667
1960,CHI,14,21,1.5
1960,COL,16,23,1.4375
1960,CUB,12,21,1.75
1960,DEN,101,112,1.108910891089109
1960,ESP,148,250,1.6891891891891893
1960,ETH,10,15,1.5
1960,FIJ,2,3,1.5
1960,FIN,165,293,1.7757575757575759
1960,FRA,264,418,1.5833333333333333
1960,GBR,270,428,1.5851851851851853
1960,GER,368,535,1.453804347826087
1960,GHA,13,15,1.1538461538461537
1960,GRE,48,59,1.2291666666666667
1960,GUY,5,6,1.2
1960,HAI,1,1,1.0
1960,HKG,4,4,1.0
1960,HUN,187,316,1.6898395721925135
1960,INA,22,27,1.2272727272727273
1960,IND,45,49,1.0888888888888888
1960,IRI,23,24,1.0434782608695652
1960,IRL,49,63,1.2857142857142858
1960,IRQ,21,28,1.3333333333333333
1960,ISL,13,21,1.6153846153846154
1960,ISR,23,46,2.0
1960,ITA,308,460,1.4935064935064934
1960,JPN,203,351,1.729064039408867
1960,KEN,27,30,1.1111111111111112
1960,KOR,42,69,1.6428571428571428
1960,LBR,4,6,1.5
1960,LIB,21,27,1.2857142857142858
1960,LIE,8,17,2.125
1960,LUX,52,117,2.25
1960,MAL,9,11,1.2222222222222223
1960,MAR,47,111,2.3617021276595747
1960,MEX,69,110,1.5942028985507246
1960,MLT,10,13,1.3
1960,MON,11,13,1.1818181818181819
1960,MYA,10,10,1.0
1960,NED,117,173,1.4786324786324787
1960,NGR,12,15,1.25
1960,NOR,69,105,1.5217391304347827
1960,NZL,41,59,1.4390243902439024
1960,PAK,44,53,1.2045454545454546
1960,PAN,6,8,1.3333333333333333
1960,PER,31,33,1.064516129032258
1960,PHI,40,49,1.225
1960,POL,198,335,1.6919191919191918
1960,POR,65,109,1.676923076923077
1960,PUR,27,29,1.0740740740740742
1960,RHO,10,12,1.2
1960,ROU,98,156,1.5918367346938775
1960,RSA,59,76,1.2881355932203389
1960,SGP,5,5,1.0
1960,SMR,9,13,1.4444444444444444
1960,SRI,5,5,1.0
1960,SUD,10,13,1.3
1960,SUI,170,261,1.535294117647059
1960,SWE,181,330,1.8232044198895028
1960,TCH,137,224,1.635036496350365
1960,THA,20,24,1.2
1960,TPE,27,31,1.1481481481481481
1960,TUN,42,56,1.3333333333333333
1960,TUR,51,64,1.2549019607843137
1960,UAR,74,123,1.662162162162162
1960,UGA,10,16,1.6
1960,URS,345,505,1.463768115942029
1960,URU,34,42,1.2352941176470589
1960,USA,371,533,1.4366576819407009
1960,VEN,36,54,1.5
1960,VNM,3,5,1.6666666666666667
1960,WIF,13,20,1.5384615384615385
1960,YUG,116,185,1.5948275862068966
1960,ZIM,4,10,2.5
1964,AFG,8,8,1.0
1964,AHO,4,4,1.0
1964,ALG,1,7,7.0
1964,ARG,114,170,1.4912280701754386
1964,AUS,248,406,1.6370967741935485
1964,AUT,139,198,1.4244604316546763
1964,BAH,11,12,1.0909090909090908
1964,BEL,68,85,1.25
1964,BER,4,4,1.0
1964,BOL,1,1,1.0
1964,BRA,61,65,1.0655737704918034
1964,BUL,70,135,1.9285714285714286
1964,CAM,13,15,1.1538461538461537
1964,CAN,170,289,1.7
1964,CGO,2,2,1.0
1964,CHA,2,2,1.0
1964,CHI,19,27,1.4210526315789473
1964,CIV,9,10,1.1111111111111112
1964,CMR,1,2,2.0
1964,COL,20,40,2.0
1964,CRC,2,2,1.0
1964,CUB,27,76,2.814814814814815
1964,DEN,62,76,1.2258064516129032
1964,DOM,1,1,1.0
1964,EGY,73,83,1.1369863013698631
1964,ESP,57,79,1.3859649122807018
1964,ETH,12,19,1.5833333333333333
1964,FIN,140,238,1.7
1964,FRA,162,264,1.6296296296296295
1964,GBR,240,366,1.525
1964,GER,433,622,1.4364896073903002
1964,GHA,33,40,1.2121212121212122
1964,GRE,21,26,1.2380952380952381
1964,GUY,1,1,1.0
1964,HKG,39,50,1.2820512820512822
1964,HUN,210,361,1.7190476190476192
1964,IND,54,112,2.074074074074074
1964,IRI,66,108,1.6363636363636365
1964,IRL,25,35,1.4
1964,IRQ,13,19,1.4615384615384615
1964,ISL,9,15,1.6666666666666667
1964,ISR,10,13,1.3
1964,ITA,229,349,1.5240174672489082
1964,JAM,21,32,1.5238095238095237
1964,JPN,375,541,1.4426666666666668
1964,KEN,37,41,1.1081081081081081
1964,KOR,161,256,1.5900621118012421
1964,LBR,1,2,2.0
1964,LIB,9,20,2.2222222222222223
1964,LIE,8,15,1.875
1964,LUX,12,27,2.25
1964,MAD,3,4,1.3333333333333333
1964,MAR,20,21,1.05
1964,MAS,61,81,1.3278688524590163
1964,MEX,94,128,1.3617021276595744
1964,MGL,34,62,1.8235294117647058
1964,MLI,2,2,1.0
1964,MON,1,1,1.0
1964,MYA,11,12,1.0909090909090908
1964,NED,131,170,1.297709923664122
1964,NEP,6,6,1.0
1964,NGR,18,19,1.0555555555555556
1964,NIG,1,1,1.0
1964,NOR,84,133,1.5833333333333333
1964,NZL,64,88,1.375
1964,PAK,41,47,1.146341463414634
1964,PAN,10,15,1.5
1964,PER,31,40,1.2903225806451613
1964,PHI,47,70,1.4893617021276595
1964,POL,191,326,1.706806282722513
1964,POR,20,25,1.25
1964,PRK,13,20,1.5384615384615385
1964,PUR,32,45,1.40625
1964,ROU,165,263,1.593939393939394
1964,SEN,12,14,1.1666666666666667
1964,SRI,6,7,1.1666666666666667
1964,SUI,138,233,1.6884057971014492
1964,SWE,151,278,1.8410596026490067
1964,TAN,4,4,1.0
1964,TCH,150,256,1.7066666666666668
1964,THA,54,67,1.2407407407407407
1964,TPE,40,96,2.4
1964,TTO,13,18,1.3846153846153846
1964,TUN,9,12,1.3333333333333333
1964,TUR,28,37,1.3214285714285714
1964,UGA,13,19,1.4615384615384615
1964,URS,386,570,1.4766839378238341
1964,URU,23,29,1.2608695652173914
1964,USA,436,619,1.4197247706422018
1964,VEN,16,23,1.4375
1964,VNM,16,23,1.4375
1964,YUG,106,177,1.669811320754717
1964,ZAM,12,15,1.25
1964,ZIM,29,33,1.1379310344827587
1968,AFG,5,5,1.0
1968,AHO,5,5,1.0
1968,ALG,3,9,3.0
1968,ARG,94,144,1.5319148936170213
1968,AUS,131,231,1.7633587786259541
1968,AUT,119,171,1.4369747899159664
1968,BAH,16,22,1.375
1968,BAR,9,13,1.4444444444444444
1968,BEL,82,106,1.2926829268292683
1968,BER,6,6,1.0
1968,BIZ,7,7,1.0
1968,BOL,4,4,1.0
1968,BRA,76,89,1.1710526315789473
1968,BUL,118,205,1.7372881355932204
1968,CAF,1,1,1.0
1968,CAN,208,402,1.9326923076923077
1968,CHA,3,4,1.3333333333333333
1968,CHI,25,36,1.44
1968,CIV,10,11,1.1
1968,CMR,5,5,1.0
1968,COD,5,8,1.6
1968,COL,43,70,1.627906976744186
1968,CRC,18,27,1.5
1968,CUB,115,227,1.9739130434782608
1968,DEN,67,99,1.4776119402985075
1968,DOM,18,24,1.3333333333333333
1968,ECU,15,41,2.7333333333333334
1968,EGY,30,35,1.1666666666666667
1968,ESA,60,104,1.7333333333333334
1968,ESP,142,165,1.1619718309859155
1968,ETH,18,26,1.4444444444444444
1968,FIJ,1,1,1.0
1968,FIN,118,221,1.8728813559322033
1968,FRA,275,429,1.56
1968,FRG,362,569,1.5718232044198894
1968,GBR,263,392,1.4904942965779469
1968,GDR,283,431,1.5229681978798586
1968,GHA,31,36,1.1612903225806452
1968,GRE,47,52,1.1063829787234043
1968,GUA,48,67,1.3958333333333333
1968,GUI,15,15,1.0
1968,GUY,5,6,1.2
1968,HKG,11,25,2.272727272727273
1968,HON,6,6,1.0
1968,HUN,177,324,1.8305084745762712
1968,INA,6,6,1.0
1968,IND,26,30,1.1538461538461537
1968,IRI,18,26,1.4444444444444444
1968,IRL,31,57,1.8387096774193548
1968,IRQ,3,4,1.3333333333333333
1968,ISL,12,24,2.0
1968,ISR,29,39,1.3448275862068966
1968,ISV,6,6,1.0
1968,ITA,214,347,1.6214953271028036
1968,JAM,25,35,1.4
1968,JPN,232,384,1.6551724137931034
1968,KEN,39,50,1.2820512820512822
1968,KOR,62,80,1.2903225806451613
1968,KUW,2,2,1.0
1968,LBA,1,1,1.0
1968,LIB,14,21,1.5
1968,LIE,11,20,1.8181818181818181
1968,LUX,5,7,1.4
1968,MAD,4,6,1.5
1968,MAR,30,33,1.1
1968,MAS,31,35,1.1290322580645162
1968,MEX,275,446,1.6218181818181818
1968,MGL,23,48,2.0869565217391304
1968,MLI,2,2,1.0
1968,MLT,1,1,1.0
1968,MON,2,2,1.0
1968,MYA,4,4,1.0
1968,NCA,11,16,1.4545454545454546
1968,NED,116,166,1.4310344827586208
1968,NGR,36,46,1.2777777777777777
1968,NIG,2,2,1.0
1968,NOR,111,193,1.7387387387387387
1968,NZL,58,80,1.3793103448275863
1968,PAK,15,15,1.0
1968,PAN,16,16,1.0
1968,PAR,1,1,1.0
1968,PER,28,33,1.1785714285714286
1968,PHI,49,89,1.816326530612245
1968,POL,208,348,1.6730769230769231
1968,POR,20,33,1.65
1968,PUR,58,99,1.706896551724138
1968,ROU,112,141,1.2589285714285714
1968,SEN,21,24,1.1428571428571428
1968,SGP,4,6,1.5
1968,SLE,3,4,1.3333333333333333
1968,SMR,4,4,1.0
1968,SRI,3,3,1.0
1968,SUD,5,7,1.4
1968,SUI,119,217,1.8235294117647058
1968,SUR,1,1,1.0
1968,SWE,168,298,1.7738095238095237
1968,SYR,2,2,1.0
1968,TAN,4,5,1.25
1968,TCH,169,274,1.621301775147929
1968,THA,41,46,1.1219512195121952
1968,TPE,43,93,2.1627906976744184
1968,TTO,19,25,1.3157894736842106
1968,TUN,7,8,1.1428571428571428
1968,TUR,40,50,1.25
1968,UGA,11,14,1.2727272727272727
1968,URS,386,592,1.5336787564766838
1968,URU,27,50,1.8518518518518519
1968,USA,453,664,1.465783664459161
1968,VEN,23,30,1.3043478260869565
1968,VNM,9,9,1.0
1968,YUG,99,176,1.7777777777777777
1968,ZAM,7,7,1.0
1972,AFG,8,8,1.0
1972,AHO,2,2,1.0
1972,ALB,5,5,1.0
1972,ALG,5,7,1.4
1972,ARG,94,129,1.372340425531915
1972,AUS,172,278,1.6162790697674418
1972,AUT,151,211,1.3973509933774835
1972,BAH,20,25,1.25
1972,BAR,13,20,1.5384615384615385
1972,BEL,89,109,1.2247191011235956
1972,BEN,3,3,1.0
1972,BER,9,9,1.0
1972,BIZ,1,2,2.0
1972,BOL,11,14,1.2727272727272727
1972,BRA,81,104,1.2839506172839505
1972,BUL,134,238,1.7761194029850746
1972,BUR,1,1,1.0
1972,CAM,9,17,1.8888888888888888
1972,CAN,255,429,1.6823529411764706
1972,CGO,6,8,1.3333333333333333
1972,CHA,4,5,1.25
1972,CHI,11,13,1.1818181818181819
1972,CIV,11,13,1.1818181818181819
1972,CMR,11,18,1.6363636363636365
1972,COL,59,75,1.271186440677966
1972,CRC,3,4,1.3333333333333333
1972,CUB,137,201,1.467153284671533
1972,DEN,126,155,1.2301587301587302
1972,DOM,5,5,1.0
1972,ECU,2,4,2.0
1972,EGY,23,26,1.1304347826086956
1972,ESA,11,18,1.6363636363636365
1972,ESP,126,169,1.3412698412698412
1972,ETH,31,40,1.2903225806451613
1972,FIJ,2,4,2.0
1972,FIN,146,216,1.4794520547945205
1972,FRA,267,425,1.591760299625468
1972,FRG,502,709,1.4123505976095618
1972,GAB,1,1,1.0
1972,GBR,321,504,1.5700934579439252
1972,GDR,339,523,1.5427728613569323
1972,GHA,35,41,1.1714285714285715
1972,GRE,63,72,1.1428571428571428
1972,GUA,8,11,1.375
1972,GUY,3,4,1.3333333333333333
1972,HAI,7,7,1.0
1972,HKG,10,18,1.8
1972,HUN,233,368,1.5793991416309012
1972,INA,6,7,1.1666666666666667
1972,IND,41,43,1.048780487804878
1972,IRI,52,68,1.3076923076923077
1972,IRL,59,84,1.423728813559322
1972,ISL,25,30,1.2
1972,ISR,14,17,1.2142857142857142
1972,ISV,16,16,1.0
1972,ITA,268,414,1.544776119402985
1972,JAM,33,51,1.5454545454545454
1972,JPN,269,427,1.587360594795539
1972,KEN,57,69,1.2105263157894737
1972,KOR,47,54,1.148936170212766
1972,KSA,10,14,1.4
1972,KUW,4,4,1.0
1972,LBR,5,5,1.0
1972,LES,1,2,2.0
1972,LIB,20,38,1.9
1972,LIE,10,22,2.2
1972,LUX,11,15,1.3636363636363635
1972,MAD,11,13,1.1818181818181819
1972,MAR,35,39,1.1142857142857143
1972,MAS,45,57,1.2666666666666666
1972,MAW,16,18,1.125
1972,MEX,174,281,1.6149425287356323
1972,MGL,43,52,1.2093023255813953
1972,MLI,3,3,1.0
1972,MLT,5,5,1.0
1972,MON,5,5,1.0
1972,MYA,18,19,1.0555555555555556
1972,NCA,8,10,1.25
1972,NED,130,225,1.7307692307692308
1972,NEP,2,2,1.0
1972,NGR,25,36,1.44
1972,NIG,4,4,1.0
1972,NOR,179,275,1.5363128491620113
1972,NZL,91,118,1.2967032967032968
1972,PAK,25,26,1.04
1972,PAN,7,8,1.1428571428571428
1972,PAR,3,3,1.0
1972,PER,20,31,1.55
1972,PHI,55,83,1.509090909090909
1972,POL,337,484,1.4362017804154303
1972,POR,29,41,1.4137931034482758
1972,PRK,43,93,2.1627906976744184
1972,PUR,53,60,1.1320754716981132
1972,ROU,172,281,1.6337209302325582
1972,SEN,38,40,1.0526315789473684
1972,SGP,7,12,1.7142857142857142
1972,SMR,7,7,1.0
1972,SOM,3,4,1.3333333333333333
1972,SRI,4,6,1.5
1972,SUD,26,31,1.1923076923076923
1972,SUI,203,344,1.6945812807881773
1972,SUR,2,3,1.5
1972,SWE,189,287,1.5185185185185186
1972,SWZ,2,4,2.0
1972,SYR,5,5,1.0
1972,TAN,15,22,1.4666666666666666
1972,TCH,222,335,1.509009009009009
1972,THA,33,37,1.121212121212121
1972,TOG,7,7,1.0
1972,TPE,26,53,2.0384615384615383
1972,TTO,19,36,1.894736842105263
1972,TUN,35,37,1.0571428571428572
1972,TUR,43,50,1.1627906976744187
1972,UGA,33,35,1.0606060606060606
1972,URS,447,649,1.4519015659955257
1972,URU,13,20,1.5384615384615385
1972,USA,503,725,1.4413518886679921
1972,VEN,23,33,1.434782608695652
1972,VNM,2,2,1.0
1972,YUG,152,243,1.5986842105263157
1972,ZAM,11,12,1.0909090909090908
1976,AHO,4,4,1.0
1976,AND,8,14,1.75
1976,ANT,10,17,1.7
1976,ARG,77,122,1.5844155844155845
1976,AUS,188,293,1.5585106382978724
1976,AUT,137,189,1.3795620437956204
1976,BAH,11,19,1.7272727272727273
1976,BAR,11,17,1.5454545454545454
1976,BEL,105,160,1.5238095238095237
1976,BER,16,20,1.25
1976,BIZ,4,4,1.0
1976,BOL,4,5,1.25
1976,BRA,79,89,1.1265822784810127
1976,BUL,187,296,1.5828877005347595
1976,CAN,443,640,1.4446952595936795
1976,CAY,2,2,1.0
1976,CHI,12,20,1.6666666666666667
1976,CIV,8,11,1.375
1976,CMR,4,4,1.0
1976,COL,35,44,1.2571428571428571
1976,CRC,5,10,2.0
1976,CUB,156,194,1.2435897435897436
1976,DEN,66,81,1.2272727272727273
1976,DOM,10,11,1.1
1976,ECU,5,8,1.6
1976,EGY,26,26,1.0
1976,ESP,117,171,1.4615384615384615
1976,FIJ,2,5,2.5
1976,FIN,130,187,1.4384615384615385
1976,FRA,241,361,1.4979253112033195
1976,FRG,361,557,1.5429362880886426
1976,GBR,284,423,1.4894366197183098
1976,GDR,326,504,1.5460122699386503
1976,GRE,40,50,1.25
1976,GUA,28,28,1.0
1976,HAI,13,14,1.0769230769230769
1976,HKG,25,50,2.0
1976,HON,3,3,1.0
1976,HUN,181,291,1.6077348066298343
1976,INA,7,11,1.5714285714285714
1976,IND,26,26,1.0
1976,IRI,88,116,1.3181818181818181
1976,IRL,44,59,1.3409090909090908
1976,ISL,21,38,1.8095238095238095
1976,ISR,26,34,1.3076923076923077
1976,ISV,21,26,1.2380952380952381
1976,ITA,268,406,1.5149253731343284
1976,JAM,20,36,1.8
1976,JPN,271,415,1.5313653136531364
1976,KOR,53,60,1.1320754716981132
1976,KSA,14,19,1.3571428571428572
1976,KUW,15,21,1.4
1976,LIB,4,5,1.25
1976,LIE,15,29,1.9333333333333333
1976,LUX,8,9,1.125
1976,MAR,9,9,1.0
1976,MAS,23,25,1.0869565217391304
1976,MEX,97,137,1.4123711340206186
1976,MGL,32,33,1.03125
1976,MON,8,10,1.25
1976,NCA,15,25,1.6666666666666667
1976,NED,115,198,1.7217391304347827
1976,NEP,1,1,1.0
1976,NOR,107,160,1.4953271028037383
1976,NZL,85,111,1.3058823529411765
1976,PAK,24,24,1.0
1976,PAN,8,13,1.625
1976,PAR,4,6,1.5
1976,PER,13,14,1.0769230769230769
1976,PHI,14,22,1.5714285714285714
1976,PNG,6,9,1.5
1976,POL,263,379,1.44106463878327
1976,POR,19,36,1.894736842105263
1976,PRK,38,40,1.0526315789473684
1976,PUR,80,112,1.4
1976,ROU,189,298,1.5767195767195767
1976,SEN,21,33,1.5714285714285714
1976,SGP,4,4,1.0
1976,SMR,12,13,1.0833333333333333
1976,SUI,109,187,1.7155963302752293
1976,SUR,3,4,1.3333333333333333
1976,SWE,155,241,1.5548387096774194
1976,TCH,221,341,1.5429864253393666
1976,THA,42,62,1.4761904761904763
1976,TPE,6,11,1.8333333333333333
1976,TTO,13,20,1.5384615384615385
1976,TUN,15,16,1.0666666666666667
1976,TUR,36,47,1.3055555555555556
1976,URS,489,695,1.4212678936605316
1976,URU,9,15,1.6666666666666667
1976,USA,502,705,1.404382470119522
1976,VEN,32,56,1.75
1976,YUG,116,136,1.1724137931034482
1980,AFG,11,11,1.0
1980,ALG,54,63,1.1666666666666667
1980,AND,5,11,2.2
1980,ANG,11,17,1.5454545454545454
1980,ARG,13,26,2.0
1980,AUS,129,209,1.62015503875969
1980,AUT,126,158,1.253968253968254
1980,BEL,61,90,1.4754098360655739
1980,BEN,16,17,1.0625
1980,BOL,3,8,2.6666666666666665
1980,BOT,7,8,1.1428571428571428
1980,BRA,106,149,1.4056603773584906
1980,BUL,279,413,1.4802867383512546
1980,CAN,59,86,1.4576271186440677
1980,CGO,23,25,1.0869565217391304
1980,CHN,24,38,1.5833333333333333
1980,CMR,25,29,1.16
1980,COL,23,28,1.2173913043478262
1980,CRC,30,40,1.3333333333333333
1980,CUB,208,288,1.3846153846153846
1980,CYP,17,21,1.2352941176470589
1980,DEN,58,60,1.0344827586206897
1980,DOM,6,7,1.1666666666666667
1980,ECU,12,16,1.3333333333333333
1980,ESP,163,226,1.3865030674846626
1980,ETH,41,48,1.170731707317073
1980,FIN,157,210,1.3375796178343948
1980,FRA,143,244,1.7062937062937062
1980,FRG,80,118,1.475
1980,GBR,267,404,1.5131086142322097
1980,GDR,399,582,1.4586466165413534
1980,GRE,44,51,1.1590909090909092
1980,GUA,10,10,1.0
1980,GUI,9,10,1.1111111111111112
1980,GUY,8,10,1.25
1980,HUN,265,394,1.4867924528301886
1980,IND,72,78,1.0833333333333333
1980,IRL,47,57,1.2127659574468086
1980,IRQ,43,44,1.0232558139534884
1980,ISL,15,24,1.6
1980,ITA,205,277,1.351219512195122
1980,JAM,18,32,1.7777777777777777
1980,JOR,4,6,1.5
1980,JPN,50,80,1.6
1980,KOR,10,24,2.4
1980,KUW,56,67,1.1964285714285714
1980,LAO,19,19,1.0
1980,LBA,29,38,1.3103448275862069
1980,LES,5,7,1.4
1980,LIB,18,26,1.4444444444444444
1980,LIE,7,17,2.4285714285714284
1980,LUX,3,4,1.3333333333333333
1980,MAD,11,18,1.6363636363636365
1980,MEX,45,74,1.6444444444444444
1980,MGL,46,67,1.4565217391304348
1980,MLI,7,7,1.0
1980,MLT,8,12,1.5
1980,MOZ,14,16,1.1428571428571428
1980,MYA,2,2,1.0
1980,NCA,5,6,1.2
1980,NED,104,159,1.5288461538461537
1980,NEP,10,10,1.0
1980,NGR,44,56,1.2727272727272727
1980,NOR,63,100,1.5873015873015872
1980,NZL,9,18,2.0
1980,PER,28,38,1.3571428571428572
1980,POL,336,457,1.3601190476190477
1980,POR,11,18,1.6363636363636365
1980,PRK,47,121,2.574468085106383
1980,PUR,3,3,1.0
1980,ROU,263,381,1.4486692015209126
1980,SEN,32,39,1.21875
1980,SEY,11,21,1.9090909090909092
1980,SLE,14,32,2.2857142857142856
1980,SMR,16,16,1.0
1980,SRI,4,4,1.0
1980,SUI,117,159,1.358974358974359
1980,SWE,206,310,1.5048543689320388
1980,SYR,67,71,1.0597014925373134
1980,TAN,41,48,1.170731707317073
1980,TCH,250,391,1.564
1980,TTO,9,15,1.6666666666666667
1980,UGA,13,16,1.2307692307692308
1980,URS,575,789,1.3721739130434782
1980,USA,101,155,1.5346534653465347
1980,VEN,37,43,1.162162162162162
1980,VIE,30,38,1.2666666666666666
1980,YUG,179,207,1.1564245810055866
1980,ZAM,37,43,1.162162162162162
1980,ZIM,42,52,1.2380952380952381
1984,AHO,8,13,1.625
1984,ALG,33,33,1.0
1984,AND,4,8,2.0
1984,ANT,14,27,1.9285714285714286
1984,ARG,99,152,1.5353535353535352
1984,AUS,252,357,1.4166666666666667
1984,AUT,166,235,1.4156626506024097
1984,BAH,22,31,1.4090909090909092
1984,BAN,1,2,2.0
1984,BAR,16,25,1.5625
1984,BEL,67,95,1.4179104477611941
1984,BEN,3,3,1.0
1984,BER,12,13,1.0833333333333333
1984,BHU,6,6,1.0
1984,BIZ,11,13,1.1818181818181819
1984,BOL,14,18,1.2857142857142858
1984,BOT,7,8,1.1428571428571428
1984,BRA,147,197,1.3401360544217686
1984,BRN,10,14,1.4
1984,BUL,16,33,2.0625
1984,CAF,3,3,1.0
1984,CAN,474,663,1.3987341772151898
1984,CAY,8,14,1.75
1984,CGO,9,13,1.4444444444444444
1984,CHA,3,3,1.0
1984,CHI,56,76,1.3571428571428572
1984,CHN,252,393,1.5595238095238095
1984,CIV,15,18,1.2
1984,CMR,46,56,1.2173913043478262
1984,COD,8,9,1.125
1984,COL,39,48,1.2307692307692308
1984,CRC,31,39,1.2580645161290323
1984,CYP,15,22,1.4666666666666666
1984,DEN,60,74,1.2333333333333334
1984,DJI,3,3,1.0
1984,DOM,19,24,1.263157894736842
1984,ECU,11,15,1.3636363636363635
1984,EGY,115,151,1.3130434782608695
1984,ESA,10,15,1.5
1984,ESP,191,282,1.4764397905759161
1984,FIJ,14,26,1.8571428571428572
1984,FIN,131,187,1.4274809160305344
1984,FRA,270,411,1.5222222222222221
1984,FRG,474,691,1.4578059071729959
1984,GAB,4,4,1.0
1984,GAM,10,16,1.6
1984,GBR,387,587,1.516795865633075
1984,GDR,56,105,1.875
1984,GEQ,4,5,1.25
1984,GHA,21,27,1.2857142857142858
1984,GRE,69,86,1.2463768115942029
1984,GRN,6,6,1.0
1984,GUA,24,53,2.2083333333333335
1984,GUI,1,1,1.0
1984,GUY,10,12,1.2
1984,HAI,3,3,1.0
1984,HKG,47,87,1.851063829787234
1984,HON,10,26,2.6
1984,HUN,9,16,1.7777777777777777
1984,INA,16,23,1.4375
1984,IND,48,53,1.1041666666666667
1984,IRL,42,55,1.3095238095238095
1984,IRQ,23,25,1.0869565217391304
1984,ISL,35,45,1.2857142857142858
1984,ISR,32,65,2.03125
1984,ISV,29,52,1.793103448275862
1984,ITA,342,485,1.4181286549707601
1984,IVB,10,15,1.5
1984,JAM,45,75,1.6666666666666667
1984,JOR,13,15,1.1538461538461537
1984,JPN,265,440,1.6603773584905661
1984,KEN,61,67,1.098360655737705
1984,KOR,190,278,1.4631578947368422
1984,KSA,37,42,1.135135135135135
1984,KUW,23,31,1.3478260869565217
1984,LBR,7,10,1.4285714285714286
1984,LES,4,5,1.25
1984,LIB,26,38,1.4615384615384615
1984,LIE,17,27,1.588235294117647
1984,LUX,5,5,1.0
1984,MAD,5,5,1.0
1984,MAR,38,42,1.105263157894737
1984,MAS,21,27,1.2857142857142858
1984,MAW,15,23,1.5333333333333334
1984,MEX,100,158,1.58
1984,MGL,4,12,3.0
1984,MLI,4,5,1.25
1984,MLT,7,7,1.0
1984,MON,9,10,1.1111111111111112
1984,MOZ,9,14,1.5555555555555556
1984,MRI,4,7,1.75
1984,MTN,2,2,1.0
1984,MYA,1,1,1.0
1984,NCA,5,5,1.0
1984,NED,149,214,1.436241610738255
1984,NEP,10,10,1.0
1984,NGR,32,36,1.125
1984,NIG,4,4,1.0
1984,NOR,161,229,1.4223602484472049
1984,NZL,136,171,1.2573529411764706
1984,OMA,16,22,1.375
1984,PAK,31,33,1.064516129032258
1984,PAN,8,10,1.25
1984,PAR,14,18,1.2857142857142858
1984,PER,35,44,1.2571428571428571
1984,PHI,19,32,1.6842105263157894
1984,PNG,7,12,1.7142857142857142
1984,POL,30,42,1.4
1984,POR,38,48,1.263157894736842
1984,PRK,6,17,2.8333333333333335
1984,PUR,52,59,1.1346153846153846
1984,QAT,24,26,1.0833333333333333
1984,ROU,143,228,1.5944055944055944
1984,RWA,3,6,2.0
1984,SAM,8,9,1.125
1984,SEN,25,31,1.24
1984,SEY,9,15,1.6666666666666667
1984,SGP,5,14,2.8
1984,SLE,7,10,1.4285714285714286
1984,SMR,22,37,1.6818181818181819
1984,SOL,3,3,1.0
1984,SOM,7,9,1.2857142857142858
1984,SRI,4,6,1.5
1984,SUD,7,9,1.2857142857142858
1984,SUI,171,324,1.894736842105263
1984,SUR,5,7,1.4
1984,SWE,233,352,1.5107296137339057
1984,SWZ,8,11,1.375
1984,SYR,9,9,1.0
1984,TAN,18,21,1.1666666666666667
1984,TCH,50,79,1.58
1984,TGA,7,7,1.0
1984,THA,35,40,1.1428571428571428
1984,TOG,6,6,1.0
1984,TPE,50,72,1.44
1984,TTO,16,23,1.4375
1984,TUN,23,28,1.2173913043478262
1984,TUR,53,73,1.3773584905660377
1984,UAE,7,11,1.5714285714285714
1984,UGA,26,30,1.1538461538461537
1984,URS,99,143,1.4444444444444444
1984,URU,18,23,1.2777777777777777
1984,USA,628,849,1.3519108280254777
1984,VEN,26,44,1.6923076923076923
1984,YAR,2,3,1.5
1984,YUG,211,269,1.2748815165876777
1984,ZAM,16,18,1.125
1984,ZIM,15,20,1.3333333333333333
1988,AFG,5,5,1.0
1988,AHO,5,7,1.4
1988,ALG,42,45,1.0714285714285714
1988,AND,7,13,1.8571428571428572
1988,ANG,24,33,1.375
1988,ANT,15,25,1.6666666666666667
1988,ARG,133,179,1.3458646616541354
1988,ARU,8,12,1.5
1988,ASA,6,6,1.0
1988,AUS,271,375,1.3837638376383763
1988,AUT,154,249,1.6168831168831168
1988,BAH,16,18,1.125
1988,BAN,6,11,1.8333333333333333
1988,BAR,17,26,1.5294117647058822
1988,BEL,60,86,1.4333333333333333
1988,BEN,7,10,1.4285714285714286
1988,BER,12,14,1.1666666666666667
1988,BHU,3,6,2.0
1988,BIZ,10,13,1.3
1988,BOL,13,20,1.5384615384615385
1988,BOT,8,11,1.375
1988,BRA,160,233,1.45625
1988,BRN,7,16,2.2857142857142856
1988,BUL,199,333,1.6733668341708543
1988,BUR,6,9,1.5
1988,CAF,15,15,1.0
1988,CAN,440,693,1.575
1988,CAY,8,12,1.5
1988,CGO,7,10,1.4285714285714286
1988,CHA,6,6,1.0
1988,CHI,22,39,1.7727272727272727
1988,CHN,286,442,1.5454545454545454
1988,CIV,28,29,1.0357142857142858
1988,CMR,15,21,1.4
1988,COD,15,21,1.4
1988,COK,7,8,1.1428571428571428
1988,COL,40,57,1.425
1988,CRC,18,38,2.111111111111111
1988,CYP,12,19,1.5833333333333333
1988,DEN,79,131,1.6582278481012658
1988,DJI,6,6,1.0
1988,DOM,16,18,1.125
1988,ECU,13,15,1.1538461538461537
1988,EGY,49,59,1.2040816326530612
1988,ESA,6,7,1.1666666666666667
1988,ESP,241,346,1.4356846473029046
1988,FIJ,24,42,1.75
1988,FIN,131,193,1.4732824427480915
1988,FRA,334,528,1.5808383233532934
1988,FRG,437,671,1.5354691075514875
1988,GAB,2,2,1.0
1988,GAM,6,6,1.0
1988,GBR,393,567,1.4427480916030535
1988,GDR,311,500,1.607717041800643
1988,GEQ,6,7,1.1666666666666667
1988,GHA,16,21,1.3125
1988,GRE,62,87,1.403225806451613
1988,GRN,6,7,1.1666666666666667
1988,GUA,34,52,1.5294117647058822
1988,GUI,6,7,1.1666666666666667
1988,GUM,20,27,1.35
1988,GUY,8,8,1.0
1988,HAI,4,5,1.25
1988,HKG,48,91,1.8958333333333333
1988,HON,8,18,2.25
1988,HUN,193,322,1.6683937823834196
1988,INA,29,43,1.4827586206896552
1988,IND,49,58,1.183673469387755
1988,IRI,23,26,1.1304347826086956
1988,IRL,61,78,1.278688524590164
1988,IRQ,27,28,1.037037037037037
1988,ISL,35,48,1.3714285714285714
1988,ISR,18,29,1.6111111111111112
1988,ISV,27,53,1.962962962962963
1988,ITA,311,479,1.540192926045016
1988,IVB,3,4,1.3333333333333333
1988,JAM,39,55,1.4102564102564104
1988,JOR,7,9,1.2857142857142858
1988,JPN,301,525,1.744186046511628
1988,KEN,74,88,1.1891891891891893
1988,KOR,423,607,1.4349881796690307
1988,KSA,9,13,1.4444444444444444
1988,KUW,25,34,1.36
1988,LAO,3,3,1.0
1988,LBA,6,7,1.1666666666666667
1988,LBR,8,11,1.375
1988,LES,6,6,1.0
1988,LIB,25,40,1.6
1988,LIE,25,52,2.08
1988,LUX,9,14,1.5555555555555556
1988,MAR,30,35,1.1666666666666667
1988,MAS,9,17,1.8888888888888888
1988,MAW,16,22,1.375
1988,MDV,7,9,1.2857142857142858
1988,MEX,94,165,1.7553191489361701
1988,MGL,31,41,1.3225806451612903
1988,MLI,6,8,1.3333333333333333
1988,MLT,6,6,1.0
1988,MON,11,13,1.1818181818181819
1988,MOZ,8,12,1.5
1988,MRI,8,11,1.375
1988,MTN,6,7,1.1666666666666667
1988,MYA,2,3,1.5
1988,NED,158,227,1.4367088607594938
1988,NEP,16,20,1.25
1988,NGR,69,86,1.2463768115942029
1988,NIG,6,6,1.0
1988,NOR,132,194,1.4696969696969697
1988,NZL,91,131,1.4395604395604396
1988,OMA,8,13,1.625
1988,PAK,30,33,1.1
1988,PAN,6,9,1.5
1988,PAR,10,13,1.3
1988,PER,21,26,1.2380952380952381
1988,PHI,32,43,1.34375
1988,PNG,11,15,1.3636363636363635
1988,POL,175,235,1.3428571428571427
1988,POR,70,99,1.4142857142857144
1988,PRK,6,15,2.5
1988,PUR,56,73,1.3035714285714286
1988,QAT,10,13,1.3
1988,ROU,79,197,2.4936708860759493
1988,RWA,6,8,1.3333333333333333
1988,SAM,11,11,1.0
1988,SEN,23,35,1.5217391304347827
1988,SGP,8,27,3.375
1988,SLE,12,20,1.6666666666666667
1988,SMR,16,27,1.6875
1988,SOL,4,5,1.25
1988,SOM,5,5,1.0
1988,SRI,6,9,1.5
1988,SUD,8,8,1.0
1988,SUI,169,277,1.6390532544378698
1988,SUR,6,10,1.6666666666666667
1988,SWE,252,377,1.496031746031746
1988,SWZ,11,15,1.3636363636363635
1988,SYR,13,13,1.0
1988,TAN,10,10,1.0
1988,TCH,222,345,1.554054054054054
1988,TGA,5,7,1.4
1988,THA,14,15,1.0714285714285714
1988,TOG,6,6,1.0
1988,TPE,74,145,1.9594594594594594
1988,TTO,6,10,1.6666666666666667
1988,TUN,41,45,1.0975609756097562
1988,TUR,49,70,1.4285714285714286
1988,UAE,12,36,3.0
1988,UGA,24,30,1.25
1988,URS,582,799,1.372852233676976
1988,URU,15,18,1.2
1988,USA,644,912,1.4161490683229814
1988,VAN,4,6,1.5
1988,VEN,17,17,1.0
1988,VIE,9,12,1.3333333333333333
1988,VIN,6,6,1.0
1988,YAR,8,8,1.0
1988,YMD,5,5,1.0
1988,YUG,177,232,1.310734463276836
1988,ZAM,29,33,1.1379310344827587
1988,ZIM,29,47,1.6206896551724137
1992,AHO,6,6,1.0
1992,ALB,7,9,1.2857142857142858
1992,ALG,39,44,1.1282051282051282
1992,AND,13,22,1.6923076923076923
1992,ANG,28,33,1.1785714285714286
1992,ANT,13,18,1.3846153846153846
1992,ARG,104,157,1.5096153846153846
1992,ARU,5,5,1.0
1992,ASA,3,3,1.0
1992,AUS,301,431,1.4318936877076411
1992,AUT,160,248,1.55
1992,BAH,14,18,1.2857142857142858
1992,BAN,6,9,1.5
1992,BAR,17,22,1.2941176470588236
1992,BEL,73,110,1.5068493150684932
1992,BEN,6,7,1.1666666666666667
1992,BER,21,30,1.4285714285714286
1992,BHU,6,12,2.0
1992,BIH,10,13,1.3
1992,BIZ,10,18,1.8
1992,BOL,18,29,1.6111111111111112
1992,BOT,6,6,1.0
1992,BRA,189,249,1.3174603174603174
1992,BRN,10,15,1.5
1992,BUL,168,308,1.8333333333333333
1992,BUR,4,4,1.0
1992,CAF,15,21,1.4
1992,CAN,403,631,1.56575682382134
1992,CAY,10,13,1.3
1992,CGO,7,10,1.4285714285714286
1992,CHA,6,7,1.1666666666666667
1992,CHI,17,27,1.588235294117647
1992,CHN,276,468,1.6956521739130435
1992,CIV,13,18,1.3846153846153846
1992,CMR,8,12,1.5
1992,COD,17,19,1.1176470588235294
1992,COK,2,2,1.0
1992,COL,49,61,1.2448979591836735
1992,CRC,20,26,1.3
1992,CRO,43,54,1.255813953488372
1992,CUB,176,196,1.1136363636363635
1992,CYP,21,30,1.4285714285714286
1992,DEN,116,157,1.353448275862069
1992,DJI,8,8,1.0
1992,DOM,32,32,1.0
1992,ECU,13,15,1.1538461538461537
1992,EGY,75,83,1.1066666666666667
1992,ESA,4,6,1.5
1992,ESP,439,582,1.325740318906606
1992,EST,56,97,1.7321428571428572
1992,ETH,20,24,1.2
1992,EUN,604,864,1.4304635761589404
1992,FIJ,18,36,2.0
1992,FIN,150,244,1.6266666666666667
1992,FRA,448,670,1.4955357142857142
1992,GAB,5,5,1.0
1992,GAM,5,8,1.6
1992,GBR,420,602,1.4333333333333333
1992,GEQ,7,8,1.1428571428571428
1992,GER,574,846,1.4738675958188154
1992,GHA,34,41,1.2058823529411764
1992,GRE,78,102,1.3076923076923077
1992,GRN,4,5,1.25
1992,GUA,14,41,2.9285714285714284
1992,GUI,8,11,1.375
1992,GUM,22,45,2.0454545454545454
1992,GUY,6,7,1.1666666666666667
1992,HAI,7,8,1.1428571428571428
1992,HKG,38,66,1.736842105263158
1992,HON,11,30,2.727272727272727
1992,HUN,241,413,1.7136929460580912
1992,INA,42,51,1.2142857142857142
1992,IND,54,65,1.2037037037037037
1992,IOA,58,76,1.3103448275862069
1992,IRI,36,44,1.2222222222222223
1992,IRL,61,81,1.3278688524590163
1992,IRQ,8,8,1.0
1992,ISL,32,46,1.4375
1992,ISR,30,44,1.4666666666666666
1992,ISV,37,53,1.4324324324324325
1992,ITA,411,611,1.4866180048661801
1992,IVB,4,4,1.0
1992,JAM,41,59,1.4390243902439024
1992,JOR,4,5,1.25
1992,JPN,315,528,1.6761904761904762
1992,KEN,49,55,1.1224489795918366
1992,KOR,249,379,1.5220883534136547
1992,KSA,9,17,1.8888888888888888
1992,KUW,32,37,1.15625
1992,LAO,6,7,1.1666666666666667
1992,LAT,57,78,1.368421052631579
1992,LBA,5,5,1.0
1992,LES,6,8,1.3333333333333333
1992,LIB,16,26,1.625
1992,LIE,14,26,1.8571428571428572
1992,LTU,53,67,1.2641509433962264
1992,LUX,7,13,1.8571428571428572
1992,MAD,13,17,1.3076923076923077
1992,MAR,56,68,1.2142857142857142
1992,MAS,26,30,1.1538461538461537
1992,MAW,4,4,1.0
1992,MDV,7,10,1.4285714285714286
1992,MEX,122,174,1.4262295081967213
1992,MGL,37,49,1.3243243243243243
1992,MLI,5,6,1.2
1992,MLT,6,8,1.3333333333333333
1992,MON,7,12,1.7142857142857142
1992,MOZ,6,7,1.1666666666666667
1992,MRI,13,22,1.6923076923076923
1992,MTN,6,6,1.0
1992,MYA,4,5,1.25
1992,NAM,6,10,1.6666666666666667
1992,NCA,8,9,1.125
1992,NED,220,297,1.35
1992,NEP,2,2,1.0
1992,NGR,55,72,1.309090909090909
1992,NIG,3,3,1.0
1992,NOR,162,270,1.6666666666666667
1992,NZL,139,185,1.330935251798561
1992,OMA,5,5,1.0
1992,PAK,27,28,1.037037037037037
1992,PAN,5,7,1.4
1992,PAR,27,31,1.1481481481481481
1992,PER,16,21,1.3125
1992,PHI,27,40,1.4814814814814814
1992,PNG,13,19,1.4615384615384615
1992,POL,254,361,1.421259842519685
1992,POR,90,115,1.2777777777777777
1992,PRK,84,159,1.8928571428571428
1992,PUR,77,107,1.3896103896103895
1992,QAT,28,30,1.0714285714285714
1992,ROU,196,368,1.8775510204081634
1992,RSA,93,141,1.5161290322580645
1992,RWA,10,10,1.0
1992,SAM,5,5,1.0
1992,SEN,22,35,1.5909090909090908
1992,SEY,11,21,1.9090909090909092
1992,SGP,14,37,2.642857142857143
1992,SLE,11,15,1.3636363636363635
1992,SLO,62,108,1.7419354838709677
1992,SMR,20,28,1.4
1992,SOL,1,1,1.0
1992,SRI,11,16,1.4545454545454546
1992,SUD,6,7,1.1666666666666667
1992,SUI,176,300,1.7045454545454546
1992,SUR,6,9,1.5
1992,SWE,260,388,1.4923076923076923
1992,SWZ,7,13,1.8571428571428572
1992,SYR,8,9,1.125
1992,TAN,9,9,1.0
1992,TCH,282,417,1.4787234042553192
1992,TGA,5,5,1.0
1992,THA,46,64,1.391304347826087
1992,TOG,6,9,1.5
1992,TPE,39,49,1.2564102564102564
1992,TTO,7,13,1.8571428571428572
1992,TUN,13,15,1.1538461538461537
1992,TUR,49,71,1.4489795918367347
1992,UAE,13,36,2.769230769230769
1992,UGA,8,9,1.125
1992,URU,16,18,1.125
1992,USA,693,968,1.3968253968253967
1992,VAN,6,8,1.3333333333333333
1992,VEN,26,27,1.0384615384615385
1992,VIE,7,10,1.4285714285714286
1992,VIN,6,8,1.3333333333333333
1992,YEM,8,8,1.0
1992,YUG,25,60,2.4
1992,ZAM,9,11,1.2222222222222223
1992,ZIM,19,28,1.4736842105263157
1994,AND,6,13,2.1666666666666665
1994,ARG,10,20,2.0
1994,ARM,2,2,1.0
1994,ASA,2,2,1.0
1994,AUS,25,47,1.88
1994,AUT,80,130,1.625
1994,BEL,5,8,1.6
1994,BER,1,1,1.0
1994,BIH,10,12,1.2
1994,BLR,33,74,2.242424242424242
1994,BRA,1,1,1.0
1994,BUL,17,38,2.235294117647059
1994,CAN,95,149,1.568421052631579
1994,CHI,3,7,2.3333333333333335
1994,CHN,24,43,1.7916666666666667
1994,CRO,3,11,3.6666666666666665
1994,CYP,1,1,1.0
1994,CZE,63,117,1.8571428571428572
1994,DEN,4,9,2.25
1994,ESP,13,33,2.5384615384615383
1994,EST,26,67,2.576923076923077
1994,FIJ,1,1,1.0
1994,FIN,61,112,1.8360655737704918
1994,FRA,98,169,1.7244897959183674
1994,GBR,32,51,1.59375
1994,GEO,5,7,1.4
1994,GER,112,184,1.6428571428571428
1994,GRE,9,15,1.6666666666666667
1994,HUN,16,28,1.75
1994,ISL,5,14,2.8
1994,ISR,1,1,1.0
1994,ISV,8,10,1.25
1994,ITA,104,193,1.8557692307692308
1994,JAM,4,6,1.5
1994,JPN,59,125,2.1186440677966103
1994,KAZ,29,71,2.4482758620689653
1994,KGZ,1,2,2.0
1994,KOR,21,45,2.142857142857143
1994,LAT,27,42,1.5555555555555556
1994,LIE,10,25,2.5
1994,LTU,6,13,2.1666666666666665
1994,LUX,1,5,5.0
1994,MDA,2,4,2.0
1994,MEX,1,1,1.0
1994,MGL,1,2,2.0
1994,MON,5,7,1.4
1994,NED,21,43,2.0476190476190474
1994,NOR,87,159,1.8275862068965518
1994,NZL,7,16,2.2857142857142856
1994,POL,28,59,2.107142857142857
1994,POR,1,4,4.0
1994,PUR,5,6,1.2
1994,ROU,23,48,2.0869565217391304
1994,RSA,2,3,1.5
1994,RUS,113,208,1.8407079646017699
1994,SEN,1,1,1.0
1994,SLO,22,59,2.6818181818181817
1994,SMR,3,3,1.0
1994,SUI,59,106,1.7966101694915255
1994,SVK,42,67,1.5952380952380953
1994,SWE,84,151,1.7976190476190477
1994,TPE,2,2,1.0
1994,TTO,2,2,1.0
1994,TUR,1,1,1.0
1994,UKR,37,60,1.6216216216216217
1994,USA,148,237,1.6013513513513513
1994,UZB,7,7,1.0
1996,AFG,2,2,1.0
1996,AHO,6,7,1.1666666666666667
1996,ALB,7,9,1.2857142857142858
1996,ALG,45,47,1.0444444444444445
1996,AND,8,8,1.0
1996,ANG,28,30,1.0714285714285714
1996,ANT,13,19,1.4615384615384615
1996,ARG,179,221,1.23463687150838
1996,ARM,32,38,1.1875
1996,ARU,3,3,1.0
1996,ASA,7,7,1.0
1996,AUS,417,550,1.3189448441247003
1996,AUT,72,92,1.2777777777777777
1996,AZE,23,24,1.0434782608695652
1996,BAH,26,36,1.3846153846153846
1996,BAN,4,4,1.0
1996,BAR,13,22,1.6923076923076923
1996,BDI,7,7,1.0
1996,BEL,61,81,1.3278688524590163
1996,BEN,5,7,1.4
1996,BER,9,10,1.1111111111111112
1996,BHU,2,2,1.0
1996,BIH,9,12,1.3333333333333333
1996,BIZ,5,5,1.0
1996,BLR,157,259,1.6496815286624205
1996,BOL,8,9,1.125
1996,BOT,7,7,1.0
1996,BRA,221,251,1.1357466063348416
1996,BRN,5,5,1.0
1996,BRU,1,1,1.0
1996,BUL,110,181,1.6454545454545455
1996,BUR,5,5,1.0
1996,CAF,5,5,1.0
1996,CAM,5,5,1.0
1996,CAN,303,408,1.3465346534653466
1996,CAY,9,9,1.0
1996,CGO,5,5,1.0
1996,CHA,4,4,1.0
1996,CHI,21,24,1.1428571428571428
1996,CHN,294,438,1.489795918367347
1996,CIV,11,13,1.1818181818181819
1996,CMR,15,19,1.2666666666666666
1996,COD,14,14,1.0
1996,COK,3,3,1.0
1996,COL,48,62,1.2916666666666667
1996,COM,4,4,1.0
1996,CPV,3,3,1.0
1996,CRC,11,13,1.1818181818181819
1996,CRO,84,117,1.3928571428571428
1996,CUB,164,178,1.0853658536585367
1996,CYP,17,24,1.411764705882353
1996,CZE,115,169,1.4695652173913043
1996,DEN,119,145,1.218487394957983
1996,DJI,5,5,1.0
1996,DMA,6,6,1.0
1996,DOM,16,16,1.0
1996,ECU,19,28,1.4736842105263157
1996,EGY,29,33,1.1379310344827587
1996,ESA,8,10,1.25
1996,ESP,289,384,1.328719723183391
1996,EST,43,52,1.2093023255813953
1996,ETH,18,19,1.0555555555555556
1996,FIJ,17,21,1.2352941176470589
1996,FIN,76,105,1.381578947368421
1996,FRA,299,453,1.5150501672240804
1996,GAB,7,9,1.2857142857142858
1996,GAM,9,12,1.3333333333333333
1996,GBR,300,391,1.3033333333333332
1996,GBS,3,3,1.0
1996,GEO,34,42,1.2352941176470589
1996,GEQ,5,8,1.6
1996,GER,466,626,1.3433476394849786
1996,GHA,35,40,1.1428571428571428
1996,GRE,121,180,1.487603305785124
1996,GRN,5,5,1.0
1996,GUA,26,28,1.0769230769230769
1996,GUI,5,5,1.0
1996,GUM,8,9,1.125
1996,GUY,7,9,1.2857142857142858
1996,HAI,7,7,1.0
1996,HKG,23,32,1.391304347826087
1996,HON,7,7,1.0
1996,HUN,213,315,1.4788732394366197
1996,INA,40,45,1.125
1996,IND,49,54,1.1020408163265305
1996,IRI,18,18,1.0
1996,IRL,78,99,1.2692307692307692
1996,IRQ,3,3,1.0
1996,ISL,9,15,1.6666666666666667
1996,ISR,25,38,1.52
1996,ISV,12,14,1.1666666666666667
1996,ITA,340,460,1.3529411764705883
1996,IVB,7,11,1.5714285714285714
1996,JAM,46,69,1.5
1996,JOR,5,5,1.0
1996,JPN,306,448,1.4640522875816993
1996,KAZ,96,142,1.4791666666666667
1996,KEN,52,54,1.0384615384615385
1996,KGZ,33,53,1.606060606060606
1996,KOR,303,417,1.3762376237623761
1996,KSA,29,34,1.1724137931034482
1996,KUW,25,27,1.08
1996,LAO,5,5,1.0
1996,LAT,47,55,1.1702127659574468
1996,LBA,5,5,1.0
1996,LBR,5,7,1.4
1996,LCA,6,8,1.3333333333333333
1996,LES,9,11,1.2222222222222223
1996,LIB,1,1,1.0
1996,LIE,2,2,1.0
1996,LTU,61,81,1.3278688524590163
1996,LUX,6,7,1.1666666666666667
1996,MAD,11,14,1.2727272727272727
1996,MAR,34,38,1.1176470588235294
1996,MAS,35,43,1.2285714285714286
1996,MAW,2,2,1.0
1996,MDA,40,50,1.25
1996,MDV,6,9,1.5
1996,MEX,98,111,1.1326530612244898
1996,MGL,16,18,1.125
1996,MKD,11,16,1.4545454545454546
1996,MLI,3,4,1.3333333333333333
1996,MLT,7,10,1.4285714285714286
1996,MON,3,4,1.3333333333333333
1996,MOZ,3,3,1.0
1996,MRI,26,36,1.3846153846153846
1996,MTN,4,4,1.0
1996,MYA,3,3,1.0
1996,NAM,8,10,1.25
1996,NCA,26,28,1.0769230769230769
1996,NED,239,290,1.213389121338912
1996,NEP,6,6,1.0
1996,NGR,65,84,1.2923076923076924
1996,NIG,3,3,1.0
1996,NOR,97,116,1.1958762886597938
1996,NRU,3,3,1.0
1996,NZL,95,129,1.3578947368421053
1996,OMA,4,5,1.25
1996,PAK,24,24,1.0
1996,PAN,7,9,1.2857142857142858
1996,PAR,7,7,1.0
1996,PER,29,33,1.1379310344827587
1996,PHI,12,18,1.5
1996,PLE,1,1,1.0
1996,PNG,11,17,1.5454545454545454
1996,POL,165,207,1.2545454545454546
1996,POR,107,131,1.2242990654205608
1996,PRK,24,36,1.5
1996,PUR,69,91,1.318840579710145
1996,QAT,12,13,1.0833333333333333
1996,ROU,165,284,1.7212121212121212
1996,RSA,84,111,1.3214285714285714
1996,RUS,390,552,1.4153846153846155
1996,RWA,4,4,1.0
1996,SAM,5,5,1.0
1996,SCG,68,79,1.161764705882353
1996,SEN,11,12,1.0909090909090908
1996,SEY,9,9,1.0
1996,SGP,14,35,2.5
1996,SKN,10,14,1.4
1996,SLE,14,19,1.3571428571428572
1996,SLO,37,47,1.2702702702702702
1996,SMR,7,7,1.0
1996,SOL,4,4,1.0
1996,SOM,4,4,1.0
1996,SRI,9,11,1.2222222222222223
1996,STP,2,2,1.0
1996,SUD,4,4,1.0
1996,SUI,115,172,1.4956521739130435
1996,SUR,7,11,1.5714285714285714
1996,SVK,71,98,1.380281690140845
1996,SWE,177,233,1.3163841807909604
1996,SWZ,6,6,1.0
1996,SYR,7,8,1.1428571428571428
1996,TAN,7,7,1.0
1996,TGA,5,5,1.0
1996,THA,37,58,1.5675675675675675
1996,TJK,8,8,1.0
1996,TKM,7,7,1.0
1996,TOG,5,7,1.4
1996,TPE,74,107,1.445945945945946
1996,TTO,12,16,1.3333333333333333
1996,TUN,51,52,1.0196078431372548
1996,TUR,53,61,1.150943396226415
1996,UAE,4,4,1.0
1996,UGA,10,12,1.2
1996,UKR,231,351,1.5194805194805194
1996,URU,14,15,1.0714285714285714
1996,USA,648,839,1.2947530864197532
1996,UZB,71,95,1.3380281690140845
1996,VAN,4,4,1.0
1996,VEN,39,53,1.358974358974359
1996,VIE,6,6,1.0
1996,VIN,8,12,1.5
1996,YEM,4,4,1.0
1996,ZAM,8,8,1.0
1996,ZIM,13,21,1.6153846153846154
1998,AND,3,7,2.3333333333333335
1998,ARG,2,6,3.0
1998,ARM,7,7,1.0
1998,AUS,23,34,1.4782608695652173
1998,AUT,96,154,1.6041666666666667
1998,AZE,4,4,1.0
1998,BEL,1,3,3.0
1998,BER,1,1,1.0
1998,BIH,8,12,1.5
1998,BLR,59,107,1.8135593220338984
1998,BRA,1,1,1.0
1998,BUL,19,34,1.7894736842105263
1998,CAN,144,208,1.4444444444444444
1998,CHI,3,6,2.0
1998,CHN,57,88,1.543859649122807
1998,CRO,6,13,2.1666666666666665
1998,CYP,1,1,1.0
1998,CZE,61,119,1.9508196721311475
1998,DEN,12,19,1.5833333333333333
1998,ESP,12,24,2.0
1998,EST,20,48,2.4
1998,FIN,85,132,1.5529411764705883
1998,FRA,106,159,1.5
1998,GBR,34,45,1.3235294117647058
1998,GEO,4,6,1.5
1998,GER,125,217,1.736
1998,GRE,13,16,1.2307692307692308
1998,HUN,17,24,1.411764705882353
1998,IND,1,1,1.0
1998,IRI,1,1,1.0
1998,IRL,6,10,1.6666666666666667
1998,ISL,7,12,1.7142857142857142
1998,ISR,3,3,1.0
1998,ISV,7,9,1.2857142857142858
1998,ITA,113,179,1.584070796460177
1998,JAM,6,6,1.0
1998,JPN,156,245,1.5705128205128205
1998,KAZ,60,114,1.9
1998,KEN,1,1,1.0
1998,KGZ,1,2,2.0
1998,KOR,37,79,2.135135135135135
1998,LAT,29,49,1.6896551724137931
1998,LIE,8,19,2.375
1998,LTU,7,18,2.5714285714285716
1998,LUX,1,1,1.0
1998,MDA,2,4,2.0
1998,MGL,3,3,1.0
1998,MKD,3,3,1.0
1998,MON,4,6,1.5
1998,NED,22,48,2.1818181818181817
1998,NOR,75,149,1.9866666666666666
1998,NZL,8,9,1.125
1998,POL,39,79,2.0256410256410255
1998,POR,2,2,1.0
1998,PRK,8,17,2.125
1998,PUR,6,7,1.1666666666666667
1998,ROU,16,29,1.8125
1998,RSA,2,3,1.5
1998,RUS,122,197,1.6147540983606556
1998,SCG,2,2,1.0
1998,SLO,34,69,2.0294117647058822
1998,SUI,69,118,1.710144927536232
1998,SVK,37,64,1.7297297297297298
1998,SWE,99,146,1.4747474747474747
1998,TPE,7,9,1.2857142857142858
1998,TTO,2,2,1.0
1998,TUR,1,1,1.0
1998,UKR,56,104,1.8571428571428572
1998,URU,1,1,1.0
1998,USA,186,284,1.5268817204301075
1998,UZB,4,4,1.0
1998,VEN,1,1,1.0
2000,AHO,7,8,1.1428571428571428
2000,ALB,4,5,1.25
2000,ALG,47,51,1.0851063829787233
2000,AND,5,5,1.0
2000,ANG,30,30,1.0
2000,ANT,3,4,1.3333333333333333
2000,ARG,143,165,1.1538461538461537
2000,ARM,25,26,1.04
2000,ARU,5,5,1.0
2000,ASA,4,4,1.0
2000,AUS,617,788,1.2771474878444085
2000,AUT,92,114,1.2391304347826086
2000,AZE,31,32,1.032258064516129
2000,BAH,25,39,1.56
2000,BAN,5,6,1.2
2000,BAR,18,28,1.5555555555555556
2000,BDI,6,6,1.0
2000,BEL,68,94,1.3823529411764706
2000,BEN,4,4,1.0
2000,BER,6,7,1.1666666666666667
2000,BHU,2,2,1.0
2000,BIH,9,11,1.2222222222222223
2000,BIZ,2,2,1.0
2000,BLR,139,231,1.6618705035971224
2000,BOL,5,5,1.0
2000,BOT,7,9,1.2857142857142858
2000,BRA,198,236,1.1919191919191918
2000,BRN,4,4,1.0
2000,BRU,2,2,1.0
2000,BUL,91,150,1.6483516483516483
2000,BUR,4,4,1.0
2000,CAF,3,3,1.0
2000,CAM,4,4,1.0
2000,CAN,294,422,1.435374149659864
2000,CAY,3,4,1.3333333333333333
2000,CGO,5,5,1.0
2000,CHA,2,3,1.5
2000,CHI,50,58,1.16
2000,CHN,271,414,1.5276752767527675
2000,CIV,14,18,1.2857142857142858
2000,CMR,34,39,1.1470588235294117
2000,COD,2,3,1.5
2000,COK,2,2,1.0
2000,COL,44,54,1.2272727272727273
2000,COM,2,2,1.0
2000,CPV,2,2,1.0
2000,CRC,7,9,1.2857142857142858
2000,CRO,88,108,1.2272727272727273
2000,CUB,229,271,1.1834061135371179
2000,CYP,22,24,1.0909090909090908
2000,CZE,119,162,1.361344537815126
2000,DEN,97,124,1.2783505154639174
2000,DJI,2,2,1.0
2000,DMA,4,4,1.0
2000,DOM,13,13,1.0
2000,ECU,10,11,1.1
2000,EGY,89,103,1.1573033707865168
2000,ERI,3,3,1.0
2000,ESA,8,10,1.25
2000,ESP,321,431,1.3426791277258567
2000,EST,33,41,1.2424242424242424
2000,ETH,26,27,1.0384615384615385
2000,FIJ,7,9,1.2857142857142858
2000,FIN,70,88,1.2571428571428571
2000,FRA,336,470,1.3988095238095237
2000,FSM,5,5,1.0
2000,GAB,5,6,1.2
2000,GAM,2,2,1.0
2000,GBR,310,415,1.3387096774193548
2000,GBS,3,3,1.0
2000,GEO,36,47,1.3055555555555556
2000,GEQ,4,4,1.0
2000,GER,422,567,1.3436018957345972
2000,GHA,22,28,1.2727272727272727
2000,GRE,140,175,1.25
2000,GRN,3,3,1.0
2000,GUA,15,18,1.2
2000,GUI,6,6,1.0
2000,GUM,7,7,1.0
2000,GUY,4,4,1.0
2000,HAI,5,5,1.0
2000,HKG,31,46,1.4838709677419355
2000,HON,20,20,1.0
2000,HUN,178,238,1.3370786516853932
2000,INA,47,54,1.148936170212766
2000,IND,65,70,1.0769230769230769
2000,IOA,4,4,1.0
2000,IRI,33,34,1.0303030303030303
2000,IRL,64,76,1.1875
2000,IRQ,4,4,1.0
2000,ISL,18,29,1.6111111111111112
2000,ISR,39,58,1.4871794871794872
2000,ISV,9,12,1.3333333333333333
2000,ITA,361,457,1.265927977839335
2000,IVB,1,1,1.0
2000,JAM,48,65,1.3541666666666667
2000,JOR,8,8,1.0
2000,JPN,266,363,1.3646616541353382
2000,KAZ,130,158,1.2153846153846153
2000,KEN,56,59,1.0535714285714286
2000,KGZ,48,71,1.4791666666666667
2000,KOR,281,359,1.2775800711743772
2000,KSA,18,23,1.2777777777777777
2000,KUW,29,30,1.0344827586206897
2000,LAO,3,3,1.0
2000,LAT,45,60,1.3333333333333333
2000,LBA,3,3,1.0
2000,LBR,8,10,1.25
2000,LCA,5,5,1.0
2000,LES,6,6,1.0
2000,LIB,6,6,1.0
2000,LIE,2,2,1.0
2000,LTU,61,77,1.2622950819672132
2000,LUX,7,9,1.2857142857142858
2000,MAD,11,13,1.1818181818181819
2000,MAR,55,55,1.0
2000,MAS,40,55,1.375
2000,MAW,2,2,1.0
2000,MDA,34,35,1.0294117647058822
2000,MDV,4,4,1.0
2000,MEX,78,98,1.2564102564102564
2000,MGL,20,23,1.15
2000,MKD,10,15,1.5
2000,MLI,5,5,1.0
2000,MLT,7,7,1.0
2000,MON,4,4,1.0
2000,MOZ,4,4,1.0
2000,MRI,20,26,1.3
2000,MTN,2,2,1.0
2000,MYA,7,7,1.0
2000,NAM,11,16,1.4545454545454546
2000,NCA,6,6,1.0
2000,NED,231,285,1.2337662337662338
2000,NEP,5,5,1.0
2000,NGR,83,100,1.2048192771084338
2000,NIG,4,4,1.0
2000,NOR,93,115,1.2365591397849462
2000,NRU,2,2,1.0
2000,NZL,147,177,1.2040816326530612
2000,OMA,6,8,1.3333333333333333
2000,PAK,27,27,1.0
2000,PAN,6,7,1.1666666666666667
2000,PAR,5,5,1.0
2000,PER,21,22,1.0476190476190477
2000,PHI,20,22,1.1
2000,PLE,2,2,1.0
2000,PLW,5,5,1.0
2000,PNG,5,5,1.0
2000,POL,187,240,1.2834224598930482
2000,POR,61,64,1.0491803278688525
2000,PRK,31,47,1.5161290322580645
2000,PUR,29,38,1.3103448275862069
2000,QAT,17,19,1.1176470588235294
2000,ROU,145,252,1.7379310344827585
2000,RSA,127,161,1.2677165354330708
2000,RUS,435,602,1.3839080459770114
2000,RWA,5,5,1.0
2000,SAM,5,5,1.0
2000,SCG,109,125,1.146788990825688
2000,SEN,26,32,1.2307692307692308
2000,SEY,9,9,1.0
2000,SGP,14,23,1.6428571428571428
2000,SKN,2,4,2.0
2000,SLE,3,3,1.0
2000,SLO,74,90,1.2162162162162162
2000,SMR,4,4,1.0
2000,SOL,2,2,1.0
2000,SOM,2,2,1.0
2000,SRI,18,24,1.3333333333333333
2000,STP,2,2,1.0
2000,SUD,3,3,1.0
2000,SUI,102,138,1.3529411764705883
2000,SUR,4,5,1.25
2000,SVK,108,132,1.2222222222222223
2000,SWE,150,198,1.32
2000,SWZ,6,6,1.0
2000,SYR,8,8,1.0
2000,TAN,4,4,1.0
2000,TGA,3,3,1.0
2000,THA,52,68,1.3076923076923077
2000,TJK,4,4,1.0
2000,TKM,8,8,1.0
2000,TOG,3,3,1.0
2000,TPE,55,75,1.3636363636363635
2000,TTO,19,29,1.5263157894736843
2000,TUN,47,47,1.0
2000,TUR,57,67,1.1754385964912282
2000,UAE,4,5,1.25
2000,UGA,13,13,1.0
2000,UKR,230,368,1.6
2000,URU,15,17,1.1333333333333333
2000,USA,586,764,1.3037542662116042
2000,UZB,70,85,1.2142857142857142
2000,VAN,3,3,1.0
2000,VEN,50,65,1.3
2000,VIE,7,7,1.0
2000,VIN,4,4,1.0
2000,YEM,2,2,1.0
2000,ZAM,8,8,1.0
2000,ZIM,16,26,1.625
2002,AND,3,5,1.6666666666666667
2002,ARG,11,26,2.3636363636363638
2002,ARM,9,17,1.8888888888888888
2002,AUS,25,41,1.64
2002,AUT,90,148,1.6444444444444444
2002,AZE,4,4,1.0
2002,BEL,6,13,2.1666666666666665
2002,BER,1,1,1.0
2002,BIH,2,4,2.0
2002,BLR,64,123,1.921875
2002,BRA,10,10,1.0
2002,BUL,23,54,2.347826086956522
2002,CAN,150,215,1.4333333333333333
2002,CHI,6,11,1.8333333333333333
2002,CHN,66,108,1.6363636363636365
2002,CMR,1,2,2.0
2002,CRC,1,2,2.0
2002,CRO,13,29,2.230769230769231
2002,CYP,1,2,2.0
2002,CZE,76,163,2.1447368421052633
2002,DEN,11,11,1.0
2002,ESP,7,16,2.2857142857142856
2002,EST,17,51,3.0
2002,FIJ,1,2,2.0
2002,FIN,98,165,1.683673469387755
2002,FRA,114,176,1.543859649122807
2002,GBR,49,70,1.4285714285714286
2002,GEO,4,6,1.5
2002,GER,157,259,1.6496815286624205
2002,GRE,10,17,1.7
2002,HKG,2,5,2.5
2002,HUN,25,46,1.84
2002,IND,1,1,1.0
2002,IRI,2,2,1.0
2002,IRL,6,9,1.5
2002,ISL,6,12,2.0
2002,ISR,5,7,1.4
2002,ISV,8,8,1.0
2002,ITA,109,198,1.81651376146789
2002,JAM,2,2,1.0
2002,JPN,103,203,1.970873786407767
2002,KAZ,50,101,2.02
2002,KEN,1,2,2.0
2002,KGZ,2,4,2.0
2002,KOR,46,87,1.891304347826087
2002,LAT,47,68,1.446808510638298
2002,LIB,2,3,1.5
2002,LIE,8,18,2.25
2002,LTU,8,21,2.625
2002,MDA,5,9,1.8
2002,MEX,3,3,1.0
2002,MGL,4,4,1.0
2002,MKD,2,4,2.0
2002,MON,5,7,1.4
2002,NED,27,49,1.8148148148148149
2002,NEP,1,2,2.0
2002,NOR,77,166,2.155844155844156
2002,NZL,10,16,1.6
2002,POL,27,54,2.0
2002,ROU,21,41,1.9523809523809523
2002,RSA,1,4,4.0
2002,RUS,151,240,1.5894039735099337
2002,SCG,6,8,1.3333333333333333
2002,SLO,40,96,2.4
2002,SMR,1,1,1.0
2002,SUI,110,167,1.518181818181818
2002,SVK,49,79,1.6122448979591837
2002,SWE,102,159,1.5588235294117647
2002,THA,1,2,2.0
2002,TJK,1,2,2.0
2002,TPE,6,6,1.0
2002,TTO,3,3,1.0
2002,TUR,3,5,1.6666666666666667
2002,UKR,68,111,1.6323529411764706
2002,USA,202,313,1.5495049504950495
2002,UZB,6,6,1.0
2002,VEN,4,4,1.0
2004,AFG,5,5,1.0
2004,AHO,3,3,1.0
2004,ALB,7,7,1.0
2004,ALG,61,71,1.1639344262295082
2004,AND,6,6,1.0
2004,ANG,30,30,1.0
2004,ANT,5,5,1.0
2004,ARG,152,179,1.1776315789473684
2004,ARM,18,19,1.0555555555555556
2004,ARU,4,4,1.0
2004,ASA,3,3,1.0
2004,AUS,470,601,1.278723404255319
2004,AUT,74,92,1.2432432432432432
2004,AZE,36,37,1.0277777777777777
2004,BAH,22,28,1.2727272727272727
2004,BAN,4,4,1.0
2004,BAR,10,15,1.5
2004,BDI,7,7,1.0
2004,BEL,50,70,1.4
2004,BEN,4,4,1.0
2004,BER,10,10,1.0
2004,BHU,2,2,1.0
2004,BIH,9,11,1.2222222222222223
2004,BIZ,2,2,1.0
2004,BLR,151,192,1.271523178807947
2004,BOL,7,11,1.5714285714285714
2004,BOT,11,12,1.0909090909090908
2004,BRA,243,318,1.308641975308642
2004,BRN,10,10,1.0
2004,BRU,1,1,1.0
2004,BUL,95,119,1.2526315789473683
2004,BUR,5,5,1.0
2004,CAF,4,4,1.0
2004,CAM,4,4,1.0
2004,CAN,262,391,1.4923664122137406
2004,CAY,5,8,1.6
2004,CGO,5,5,1.0
2004,CHA,1,1,1.0
2004,CHI,22,29,1.3181818181818181
2004,CHN,383,518,1.3524804177545693
2004,CIV,5,5,1.0
2004,CMR,17,19,1.1176470588235294
2004,COD,4,6,1.5
2004,COK,3,3,1.0
2004,COL,53,71,1.3396226415094339
2004,COM,3,3,1.0
2004,CPV,3,3,1.0
2004,CRC,20,21,1.05
2004,CRO,81,100,1.2345679012345678
2004,CUB,151,177,1.1721854304635762
2004,CYP,20,21,1.05
2004,CZE,142,171,1.204225352112676
2004,DEN,92,115,1.25
2004,DMA,2,2,1.0
2004,DOM,33,33,1.0
2004,ECU,16,18,1.125
2004,EGY,97,104,1.0721649484536082
2004,ERI,4,5,1.25
2004,ESA,7,9,1.2857142857142858
2004,ESP,316,423,1.3386075949367089
2004,EST,42,45,1.0714285714285714
2004,ETH,26,27,1.0384615384615385
2004,FIJ,8,9,1.125
2004,FIN,53,67,1.2641509433962264
2004,FRA,308,461,1.4967532467532467
2004,FSM,5,5,1.0
2004,GAB,5,5,1.0
2004,GAM,2,3,1.5
2004,GBR,264,360,1.3636363636363635
2004,GBS,3,3,1.0
2004,GEO,32,39,1.21875
2004,GEQ,2,2,1.0
2004,GER,441,592,1.342403628117914
2004,GHA,26,29,1.1153846153846154
2004,GRE,426,499,1.1713615023474178
2004,GRN,5,5,1.0
2004,GUA,18,19,1.0555555555555556
2004,GUI,3,4,1.3333333333333333
2004,GUM,4,4,1.0
2004,GUY,4,4,1.0
2004,HAI,8,8,1.0
2004,HKG,32,42,1.3125
2004,HON,5,5,1.0
2004,HUN,209,258,1.2344497607655502
2004,INA,38,39,1.0263157894736843
2004,IND,73,81,1.1095890410958904
2004,IRI,37,37,1.0
2004,IRL,46,55,1.1956521739130435
2004,IRQ,24,24,1.0
2004,ISL,26,34,1.3076923076923077
2004,ISR,36,46,1.2777777777777777
2004,ISV,6,9,1.5
2004,ITA,364,474,1.3021978021978022
2004,IVB,1,1,1.0
2004,JAM,47,62,1.3191489361702127
2004,JOR,8,8,1.0
2004,JPN,306,414,1.3529411764705883
2004,KAZ,114,130,1.1403508771929824
2004,KEN,46,46,1.0
2004,KGZ,29,32,1.103448275862069
2004,KIR,3,3,1.0
2004,KOR,264,344,1.303030303030303
2004,KSA,16,16,1.0
2004,KUW,11,11,1.0
2004,LAO,5,5,1.0
2004,LAT,32,45,1.40625
2004,LBA,8,8,1.0
2004,LBR,2,2,1.0
2004,LCA,2,2,1.0
2004,LES,3,3,1.0
2004,LIB,5,5,1.0
2004,LIE,1,1,1.0
2004,LTU,59,70,1.1864406779661016
2004,LUX,10,14,1.4
2004,MAD,8,8,1.0
2004,MAR,55,57,1.0363636363636364
2004,MAS,26,38,1.4615384615384615
2004,MAW,4,4,1.0
2004,MDA,33,33,1.0
2004,MDV,4,4,1.0
2004,MEX,109,137,1.2568807339449541
2004,MGL,20,21,1.05
2004,MKD,10,14,1.4
2004,MLI,21,21,1.0
2004,MLT,7,7,1.0
2004,MON,3,3,1.0
2004,MOZ,4,4,1.0
2004,MRI,9,9,1.0
2004,MTN,2,2,1.0
2004,MYA,2,2,1.0
2004,NAM,8,10,1.25
2004,NCA,5,6,1.2
2004,NED,210,264,1.2571428571428571
2004,NEP,6,6,1.0
2004,NGR,70,79,1.1285714285714286
2004,NIG,4,4,1.0
2004,NOR,52,60,1.1538461538461537
2004,NRU,3,3,1.0
2004,NZL,148,184,1.2432432432432432
2004,OMA,2,2,1.0
2004,PAK,26,26,1.0
2004,PAN,4,5,1.25
2004,PAR,22,22,1.0
2004,PER,12,14,1.1666666666666667
2004,PHI,16,21,1.3125
2004,PLE,3,3,1.0
2004,PLW,4,4,1.0
2004,PNG,4,6,1.5
2004,POL,194,224,1.1546391752577319
2004,POR,81,93,1.1481481481481481
2004,PRK,36,71,1.9722222222222223
2004,PUR,43,52,1.2093023255813953
2004,QAT,15,15,1.0
2004,ROU,108,193,1.787037037037037
2004,RSA,106,128,1.2075471698113207
2004,RUS,446,593,1.3295964125560538
2004,RWA,5,5,1.0
2004,SAM,3,3,1.0
2004,SCG,85,96,1.1294117647058823
2004,SEN,15,21,1.4
2004,SEY,9,10,1.1111111111111112
2004,SGP,16,22,1.375
2004,SKN,2,2,1.0
2004,SLE,2,2,1.0
2004,SLO,79,102,1.2911392405063291
2004,SMR,5,5,1.0
2004,SOL,2,2,1.0
2004,SOM,2,2,1.0
2004,SRI,7,8,1.1428571428571428
2004,STP,2,2,1.0
2004,SUD,4,4,1.0
2004,SUI,98,138,1.4081632653061225
2004,SUR,4,4,1.0
2004,SVK,64,84,1.3125
2004,SWE,115,157,1.3652173913043477
2004,SWZ,3,3,1.0
2004,SYR,6,6,1.0
2004,TAN,8,9,1.125
2004,TGA,5,5,1.0
2004,THA,42,51,1.2142857142857142
2004,TJK,9,9,1.0
2004,TKM,9,10,1.1111111111111112
2004,TLS,2,2,1.0
2004,TOG,3,3,1.0
2004,TPE,88,104,1.1818181818181819
2004,TTO,19,26,1.368421052631579
2004,TUN,54,64,1.1851851851851851
2004,TUR,64,74,1.15625
2004,UAE,4,5,1.25
2004,UGA,11,11,1.0
2004,UKR,239,357,1.493723849372385
2004,URU,15,18,1.2
2004,USA,533,726,1.3621013133208255
2004,UZB,69,79,1.144927536231884
2004,VAN,2,2,1.0
2004,VEN,48,53,1.1041666666666667
2004,VIE,11,11,1.0
2004,VIN,3,3,1.0
2004,YEM,3,3,1.0
2004,ZAM,6,6,1.0
2004,ZIM,12,14,1.1666666666666667
2006,ALB,1,3,3.0
2006,ALG,2,3,1.5
2006,AND,3,10,3.3333333333333335
2006,ARG,9,17,1.8888888888888888
2006,ARM,5,9,1.8
2006,AUS,40,45,1.125
2006,AUT,73,132,1.8082191780821917
2006,AZE,2,2,1.0
2006,BEL,4,8,2.0
2006,BER,1,1,1.0
2006,BIH,6,9,1.5
2006,BLR,28,70,2.5
2006,BRA,9,12,1.3333333333333333
2006,BUL,21,44,2.0952380952380953
2006,CAN,191,305,1.5968586387434556
2006,CHI,9,15,1.6666666666666667
2006,CHN,73,146,2.0
2006,CRC,1,1,1.0
2006,CRO,23,46,2.0
2006,CYP,1,2,2.0
2006,CZE,83,170,2.0481927710843375
2006,DEN,4,4,1.0
2006,ESP,16,28,1.75
2006,EST,26,63,2.423076923076923
2006,ETH,1,1,1.0
2006,FIN,90,140,1.5555555555555556
2006,FRA,82,159,1.9390243902439024
2006,GBR,39,54,1.3846153846153846
2006,GEO,3,4,1.3333333333333333
2006,GER,155,263,1.696774193548387
2006,GRE,5,8,1.6
2006,HKG,1,3,3.0
2006,HUN,19,32,1.6842105263157894
2006,IND,4,5,1.25
2006,IRI,2,3,1.5
2006,IRL,4,5,1.25
2006,ISL,5,12,2.4
2006,ISR,5,6,1.2
2006,ITA,179,290,1.6201117318435754
2006,JPN,110,190,1.7272727272727273
2006,KAZ,55,97,1.7636363636363637
2006,KEN,1,1,1.0
2006,KGZ,1,2,2.0
2006,KOR,40,85,2.125
2006,LAT,57,92,1.6140350877192982
2006,LIB,3,7,2.3333333333333335
2006,LIE,5,12,2.4
2006,LTU,7,14,2.0
2006,LUX,1,1,1.0
2006,MAD,1,2,2.0
2006,MDA,6,10,1.6666666666666667
2006,MGL,2,2,1.0
2006,MKD,3,5,1.6666666666666667
2006,MON,4,10,2.5
2006,NED,33,63,1.9090909090909092
2006,NEP,1,1,1.0
2006,NOR,67,161,2.4029850746268657
2006,NZL,15,18,1.2
2006,POL,45,91,2.022222222222222
2006,POR,1,1,1.0
2006,PRK,6,7,1.1666666666666667
2006,ROU,25,53,2.12
2006,RSA,3,9,3.0
2006,RUS,174,283,1.6264367816091954
2006,SCG,6,11,1.8333333333333333
2006,SEN,1,3,3.0
2006,SLO,36,96,2.6666666666666665
2006,SMR,1,1,1.0
2006,SUI,125,181,1.448
2006,SVK,58,114,1.9655172413793103
2006,SWE,106,168,1.5849056603773586
2006,THA,1,1,1.0
2006,TJK,1,3,3.0
2006,TPE,1,1,1.0
2006,TUR,6,17,2.8333333333333335
2006,UKR,52,109,2.0961538461538463
2006,USA,204,325,1.5931372549019607
2006,UZB,4,4,1.0
2006,VEN,1,1,1.0
2008,AFG,4,4,1.0
2008,AHO,3,4,1.3333333333333333
2008,ALB,11,12,1.0909090909090908
2008,ALG,56,57,1.0178571428571428
2008,AND,5,5,1.0
2008,ANG,32,33,1.03125
2008,ANT,5,5,1.0
2008,ARG,132,145,1.0984848484848484
2008,ARM,25,26,1.04
2008,ARU,2,2,1.0
2008,ASA,4,4,1.0
2008,AUS,432,570,1.3194444444444444
2008,AUT,70,93,1.3285714285714285
2008,AZE,44,44,1.0
2008,BAH,25,33,1.32
2008,BAN,5,5,1.0
2008,BAR,8,10,1.25
2008,BDI,3,3,1.0
2008,BEL,94,112,1.1914893617021276
2008,BEN,5,5,1.0
2008,BER,6,6,1.0
2008,BHU,2,2,1.0
2008,BIH,5,7,1.4
2008,BIZ,4,4,1.0
2008,BLR,177,237,1.3389830508474576
2008,BOL,7,7,1.0
2008,BOT,11,11,1.0
2008,BRA,268,338,1.2611940298507462
2008,BRN,14,15,1.0714285714285714
2008,BUL,70,87,1.2428571428571429
2008,BUR,6,6,1.0
2008,CAF,3,3,1.0
2008,CAM,4,4,1.0
2008,CAN,332,449,1.3524096385542168
2008,CAY,4,6,1.5
2008,CGO,5,5,1.0
2008,CHA,2,2,1.0
2008,CHI,26,29,1.1153846153846154
2008,CHN,599,730,1.2186978297161937
2008,CIV,21,22,1.0476190476190477
2008,CMR,32,32,1.0
2008,COD,5,5,1.0
2008,COK,4,4,1.0
2008,COL,67,90,1.3432835820895523
2008,COM,3,3,1.0
2008,CPV,2,2,1.0
2008,CRC,8,8,1.0
2008,CRO,99,125,1.2626262626262625
2008,CUB,158,171,1.0822784810126582
2008,CYP,17,18,1.0588235294117647
2008,CZE,134,158,1.1791044776119404
2008,DEN,84,108,1.2857142857142858
2008,DJI,2,2,1.0
2008,DMA,2,2,1.0
2008,DOM,24,27,1.125
2008,ECU,25,26,1.04
2008,EGY,100,116,1.16
2008,ERI,10,11,1.1
2008,ESA,11,14,1.2727272727272727
2008,ESP,283,355,1.254416961130742
2008,EST,47,53,1.127659574468085
2008,ETH,27,29,1.0740740740740742
2008,FIJ,6,6,1.0
2008,FIN,57,70,1.2280701754385965
2008,FRA,309,448,1.4498381877022655
2008,FSM,5,5,1.0
2008,GAB,4,4,1.0
2008,GAM,3,3,1.0
2008,GBR,304,420,1.381578947368421
2008,GBS,3,3,1.0
2008,GEO,35,38,1.0857142857142856
2008,GEQ,3,3,1.0
2008,GER,420,558,1.3285714285714285
2008,GHA,9,9,1.0
2008,GRE,152,176,1.1578947368421053
2008,GRN,9,9,1.0
2008,GUA,12,13,1.0833333333333333
2008,GUI,5,5,1.0
2008,GUM,6,7,1.1666666666666667
2008,GUY,4,4,1.0
2008,HAI,7,7,1.0
2008,HKG,34,47,1.3823529411764706
2008,HON,25,26,1.04
2008,HUN,171,216,1.263157894736842
2008,INA,24,26,1.0833333333333333
2008,IND,53,67,1.2641509433962264
2008,IRI,54,55,1.0185185185185186
2008,IRL,55,63,1.1454545454545455
2008,IRQ,4,4,1.0
2008,ISL,27,31,1.1481481481481481
2008,ISR,43,60,1.3953488372093024
2008,ISV,7,8,1.1428571428571428
2008,ITA,333,459,1.3783783783783783
2008,IVB,2,2,1.0
2008,JAM,50,66,1.32
2008,JOR,7,7,1.0
2008,JPN,332,457,1.3765060240963856
2008,KAZ,130,146,1.123076923076923
2008,KEN,46,47,1.0217391304347827
2008,KGZ,20,22,1.1
2008,KIR,2,2,1.0
2008,KOR,265,329,1.241509433962264
2008,KSA,14,18,1.2857142857142858
2008,KUW,8,8,1.0
2008,LAO,4,4,1.0
2008,LAT,47,53,1.127659574468085
2008,LBA,6,6,1.0
2008,LBR,3,4,1.3333333333333333
2008,LCA,4,4,1.0
2008,LES,5,5,1.0
2008,LIB,6,6,1.0
2008,LIE,2,2,1.0
2008,LTU,71,78,1.0985915492957747
2008,LUX,13,19,1.4615384615384615
2008,MAD,6,6,1.0
2008,MAR,47,49,1.0425531914893618
2008,MAS,32,42,1.3125
2008,MAW,4,4,1.0
2008,MDA,29,30,1.0344827586206897
2008,MDV,4,4,1.0
2008,MEX,83,103,1.2409638554216869
2008,MGL,28,31,1.1071428571428572
2008,MHL,5,5,1.0
2008,MKD,7,7,1.0
2008,MLI,17,17,1.0
2008,MLT,6,6,1.0
2008,MNE,19,20,1.0526315789473684
2008,MON,5,5,1.0
2008,MOZ,4,4,1.0
2008,MRI,11,11,1.0
2008,MTN,2,2,1.0
2008,MYA,6,7,1.1666666666666667
2008,NAM,10,11,1.1
2008,NCA,6,7,1.1666666666666667
2008,NED,237,283,1.1940928270042195
2008,NEP,8,8,1.0
2008,NGR,74,89,1.2027027027027026
2008,NIG,4,4,1.0
2008,NOR,84,102,1.2142857142857142
2008,NRU,1,1,1.0
2008,NZL,178,201,1.1292134831460674
2008,OMA,4,4,1.0
2008,PAK,21,22,1.0476190476190477
2008,PAN,5,5,1.0
2008,PAR,7,7,1.0
2008,PER,13,13,1.0
2008,PHI,15,17,1.1333333333333333
2008,PLE,4,4,1.0
2008,PLW,5,5,1.0
2008,PNG,7,9,1.2857142857142858
2008,POL,257,316,1.2295719844357977
2008,POR,77,87,1.12987012987013
2008,PRK,58,66,1.1379310344827587
2008,PUR,22,31,1.4090909090909092
2008,QAT,20,20,1.0
2008,ROU,101,172,1.702970297029703
2008,RSA,134,179,1.335820895522388
2008,RUS,454,600,1.3215859030837005
2008,RWA,4,4,1.0
2008,SAM,6,7,1.1666666666666667
2008,SEN,15,17,1.1333333333333333
2008,SEY,9,10,1.1111111111111112
2008,SGP,25,36,1.44
2008,SKN,4,6,1.5
2008,SLE,3,3,1.0
2008,SLO,61,73,1.1967213114754098
2008,SMR,4,4,1.0
2008,SOL,3,3,1.0
2008,SOM,2,2,1.0
2008,SRB,87,97,1.1149425287356323
2008,SRI,8,9,1.125
2008,STP,3,4,1.3333333333333333
2008,SUD,9,9,1.0
2008,SUI,83,116,1.3975903614457832
2008,SUR,4,4,1.0
2008,SVK,57,67,1.1754385964912282
2008,SWE,123,169,1.3739837398373984
2008,SWZ,4,4,1.0
2008,SYR,7,7,1.0
2008,TAN,9,9,1.0
2008,TGA,3,3,1.0
2008,THA,47,53,1.127659574468085
2008,TJK,15,16,1.0666666666666667
2008,TKM,10,10,1.0
2008,TLS,1,1,1.0
2008,TOG,4,4,1.0
2008,TPE,79,92,1.1645569620253164
2008,TTO,28,35,1.25
2008,TUN,26,29,1.1153846153846154
2008,TUR,67,71,1.0597014925373134
2008,TUV,3,3,1.0
2008,UAE,8,9,1.125
2008,UGA,11,11,1.0
2008,UKR,243,327,1.345679012345679
2008,URU,12,13,1.0833333333333333
2008,USA,588,763,1.2976190476190477
2008,UZB,56,69,1.2321428571428572
2008,VAN,3,3,1.0
2008,VEN,108,126,1.1666666666666667
2008,VIE,13,18,1.3846153846153846
2008,VIN,2,2,1.0
2008,YEM,5,8,1.6
2008,ZAM,8,8,1.0
2008,ZIM,13,16,1.2307692307692308
2010,ALB,1,2,2.0
2010,ALG,1,1,1.0
2010,AND,6,20,3.3333333333333335
2010,ARG,7,20,2.857142857142857
2010,ARM,4,6,1.5
2010,AUS,40,49,1.225
2010,AUT,75,132,1.76
2010,AZE,2,4,2.0
2010,BEL,8,10,1.25
2010,BER,1,1,1.0
2010,BIH,5,10,2.0
2010,BLR,47,95,2.021276595744681
2010,BRA,5,7,1.4
2010,BUL,19,41,2.1578947368421053
2010,CAN,201,308,1.5323383084577114
2010,CAY,1,1,1.0
2010,CHI,3,10,3.3333333333333335
2010,CHN,86,127,1.4767441860465116
2010,COL,1,2,2.0
2010,CRO,19,37,1.9473684210526316
2010,CYP,2,4,2.0
2010,CZE,90,172,1.9111111111111112
2010,DEN,17,23,1.3529411764705883
2010,ESP,18,35,1.9444444444444444
2010,EST,30,64,2.1333333333333333
2010,ETH,1,1,1.0
2010,FIN,91,146,1.6043956043956045
2010,FRA,104,196,1.8846153846153846
2010,GBR,52,78,1.5
2010,GEO,6,9,1.5
2010,GER,149,259,1.738255033557047
2010,GHA,1,1,1.0
2010,GRE,7,12,1.7142857142857142
2010,HKG,1,3,3.0
2010,HUN,15,32,2.1333333333333333
2010,IND,3,3,1.0
2010,IRI,4,7,1.75
2010,IRL,6,7,1.1666666666666667
2010,ISL,4,7,1.75
2010,ISR,3,4,1.3333333333333333
2010,ITA,109,208,1.908256880733945
2010,JAM,1,1,1.0
2010,JPN,91,153,1.6813186813186813
2010,KAZ,37,100,2.7027027027027026
2010,KGZ,2,3,1.5
2010,KOR,45,84,1.8666666666666667
2010,LAT,53,81,1.528301886792453
2010,LIB,3,6,2.0
2010,LIE,4,5,1.25
2010,LTU,6,13,2.1666666666666665
2010,MAR,1,2,2.0
2010,MDA,7,11,1.5714285714285714
2010,MEX,1,2,2.0
2010,MGL,2,2,1.0
2010,MKD,3,4,1.3333333333333333
2010,MNE,1,2,2.0
2010,MON,3,6,2.0
2010,NED,32,65,2.03125
2010,NEP,1,1,1.0
2010,NOR,95,190,2.0
2010,NZL,16,22,1.375
2010,PAK,1,1,1.0
2010,PER,3,5,1.6666666666666667
2010,POL,46,106,2.3043478260869565
2010,POR,1,1,1.0
2010,PRK,2,3,1.5
2010,ROU,28,49,1.75
2010,RSA,2,2,1.0
2010,RUS,175,279,1.5942857142857143
2010,SEN,1,2,2.0
2010,SLO,47,107,2.276595744680851
2010,SMR,1,1,1.0
2010,SRB,10,15,1.5
2010,SUI,134,190,1.4179104477611941
2010,SVK,68,107,1.5735294117647058
2010,SWE,101,172,1.702970297029703
2010,TJK,1,4,4.0
2010,TPE,1,1,1.0
2010,TUR,5,9,1.8
2010,UKR,45,95,2.111111111111111
2010,USA,212,341,1.6084905660377358
2010,UZB,3,5,1.6666666666666667
2012,AFG,6,6,1.0
2012,ALB,9,10,1.1111111111111112
2012,ALG,38,39,1.0263157894736843
2012,AND,6,6,1.0
2012,ANG,33,35,1.0606060606060606
2012,ANT,4,4,1.0
2012,ARG,137,148,1.0802919708029197
2012,ARM,24,31,1.2916666666666667
2012,ARU,4,4,1.0
2012,ASA,4,4,1.0
2012,AUS,405,514,1.2691358024691357
2012,AUT,70,90,1.2857142857142858
2012,AZE,52,59,1.1346153846153846
2012,BAH,21,29,1.380952380952381
2012,BAN,5,7,1.4
2012,BAR,6,8,1.3333333333333333
2012,BDI,6,6,1.0
2012,BEL,111,142,1.2792792792792793
2012,BEN,5,5,1.0
2012,BER,8,8,1.0
2012,BHU,2,2,1.0
2012,BIH,6,8,1.3333333333333333
2012,BIZ,3,3,1.0
2012,BLR,160,185,1.15625
2012,BOL,5,5,1.0
2012,BOT,4,4,1.0
2012,BRA,248,306,1.2338709677419355
2012,BRN,12,14,1.1666666666666667
2012,BRU,3,3,1.0
2012,BUL,63,75,1.1904761904761905
2012,BUR,5,5,1.0
2012,CAF,6,6,1.0
2012,CAM,6,6,1.0
2012,CAN,273,354,1.2967032967032968
2012,CAY,4,7,1.75
2012,CGO,7,7,1.0
2012,CHA,2,2,1.0
2012,CHI,35,44,1.2571428571428571
2012,CHN,375,479,1.2773333333333334
2012,CIV,9,10,1.1111111111111112
2012,CMR,32,32,1.0
2012,COD,4,4,1.0
2012,COK,8,9,1.125
2012,COL,101,120,1.188118811881188
2012,COM,3,3,1.0
2012,CPV,3,3,1.0
2012,CRC,11,11,1.0
2012,CRO,107,118,1.102803738317757
2012,CUB,109,118,1.0825688073394495
2012,CYP,13,13,1.0
2012,CZE,133,159,1.1954887218045114
2012,DEN,114,149,1.3070175438596492
2012,DJI,4,4,1.0
2012,DMA,2,2,1.0
2012,DOM,33,36,1.0909090909090908
2012,ECU,36,36,1.0
2012,EGY,109,132,1.2110091743119267
2012,ERI,12,12,1.0
2012,ESA,10,11,1.1
2012,ESP,278,339,1.2194244604316546
2012,EST,32,36,1.125
2012,ETH,33,34,1.0303030303030303
2012,FIJ,9,9,1.0
2012,FIN,56,69,1.2321428571428572
2012,FRA,324,426,1.3148148148148149
2012,FSM,6,6,1.0
2012,GAB,21,21,1.0
2012,GAM,2,2,1.0
2012,GBR,530,684,1.290566037735849
2012,GBS,4,4,1.0
2012,GEO,34,36,1.0588235294117647
2012,GEQ,2,2,1.0
2012,GER,383,510,1.3315926892950392
2012,GHA,7,7,1.0
2012,GRE,102,115,1.1274509803921569
2012,GRN,8,8,1.0
2012,GUA,19,24,1.263157894736842
2012,GUI,4,4,1.0
2012,GUM,8,8,1.0
2012,GUY,6,6,1.0
2012,HAI,5,5,1.0
2012,HKG,41,55,1.3414634146341464
2012,HON,25,25,1.0
2012,HUN,152,201,1.3223684210526316
2012,INA,22,22,1.0
2012,IND,81,95,1.1728395061728396
2012,IOA,4,4,1.0
2012,IRI,52,57,1.0961538461538463
2012,IRL,64,76,1.1875
2012,IRQ,8,8,1.0
2012,ISL,27,36,1.3333333333333333
2012,ISR,37,56,1.5135135135135136
2012,ISV,7,9,1.2857142857142858
2012,ITA,281,382,1.3594306049822065
2012,IVB,2,2,1.0
2012,JAM,45,62,1.3777777777777778
2012,JOR,9,9,1.0
2012,JPN,291,399,1.3711340206185567
2012,KAZ,113,132,1.168141592920354
2012,KEN,47,51,1.0851063829787233
2012,KGZ,14,15,1.0714285714285714
2012,KIR,3,3,1.0
2012,KOR,250,312,1.248
2012,KSA,18,23,1.2777777777777777
2012,KUW,10,12,1.2
2012,LAO,3,3,1.0
2012,LAT,45,50,1.1111111111111112
2012,LBA,4,4,1.0
2012,LBR,3,3,1.0
2012,LCA,4,4,1.0
2012,LES,4,4,1.0
2012,LIB,10,10,1.0
2012,LIE,3,4,1.3333333333333333
2012,LTU,62,72,1.1612903225806452
2012,LUX,9,11,1.2222222222222223
2012,MAD,7,7,1.0
2012,MAR,63,67,1.0634920634920635
2012,MAS,29,38,1.3103448275862069
2012,MAW,3,3,1.0
2012,MDA,20,20,1.0
2012,MDV,5,5,1.0
2012,MEX,99,119,1.202020202020202
2012,MGL,29,32,1.103448275862069
2012,MHL,4,4,1.0
2012,MKD,4,4,1.0
2012,MLI,6,6,1.0
2012,MLT,5,5,1.0
2012,MNE,33,34,1.0303030303030303
2012,MON,6,6,1.0
2012,MOZ,6,6,1.0
2012,MRI,11,11,1.0
2012,MTN,2,2,1.0
2012,MYA,6,6,1.0
2012,NAM,9,9,1.0
2012,NCA,6,6,1.0
2012,NED,173,222,1.283236994219653
2012,NEP,5,5,1.0
2012,NGR,49,58,1.183673469387755
2012,NIG,6,6,1.0
2012,NOR,61,69,1.1311475409836065
2012,NRU,2,2,1.0
2012,NZL,178,204,1.146067415730337
2012,OMA,3,3,1.0
2012,PAK,21,21,1.0
2012,PAN,8,8,1.0
2012,PAR,8,10,1.25
2012,PER,16,16,1.0
2012,PHI,11,11,1.0
2012,PLE,5,5,1.0
2012,PLW,5,5,1.0
2012,PNG,8,8,1.0
2012,POL,210,256,1.2190476190476192
2012,POR,76,98,1.2894736842105263
2012,PRK,52,57,1.0961538461538463
2012,PUR,25,28,1.12
2012,QAT,12,14,1.1666666666666667
2012,ROU,105,155,1.4761904761904763
2012,RSA,124,145,1.1693548387096775
2012,RUS,429,549,1.2797202797202798
2012,RWA,7,7,1.0
2012,SAM,8,9,1.125
2012,SEN,31,32,1.032258064516129
2012,SEY,6,6,1.0
2012,SGP,23,36,1.565217391304348
2012,SKN,4,7,1.75
2012,SLE,2,2,1.0
2012,SLO,65,78,1.2
2012,SMR,4,4,1.0
2012,SOL,4,4,1.0
2012,SOM,2,2,1.0
2012,SRB,116,134,1.1551724137931034
2012,SRI,7,8,1.1428571428571428
2012,STP,2,2,1.0
2012,SUD,6,6,1.0
2012,SUI,98,126,1.2857142857142858
2012,SUR,5,5,1.0
2012,SVK,47,65,1.3829787234042554
2012,SWE,133,168,1.263157894736842
2012,SWZ,3,3,1.0
2012,SYR,10,10,1.0
2012,TAN,6,6,1.0
2012,TGA,3,3,1.0
2012,THA,37,43,1.162162162162162
2012,TJK,16,16,1.0
2012,TKM,10,10,1.0
2012,TLS,2,2,1.0
2012,TOG,6,6,1.0
2012,TPE,44,55,1.25
2012,TTO,25,38,1.52
2012,TUN,83,87,1.0481927710843373
2012,TUR,112,119,1.0625
2012,TUV,3,3,1.0
2012,UAE,26,26,1.0
2012,UGA,15,16,1.0666666666666667
2012,UKR,230,304,1.3217391304347825
2012,URU,27,27,1.0
2012,USA,530,689,1.3
2012,UZB,53,56,1.0566037735849056
2012,VAN,5,5,1.0
2012,VEN,68,85,1.25
2012,VIE,18,24,1.3333333333333333
2012,VIN,3,3,1.0
2012,YEM,4,4,1.0
2012,ZAM,7,7,1.0
2012,ZIM,7,9,1.2857142857142858
2014,ALB,1,2,2.0
2014,AND,6,12,2.0
2014,ARG,7,20,2.857142857142857
2014,ARM,4,6,1.5
2014,AUS,60,84,1.4
2014,AUT,126,213,1.6904761904761905
2014,AZE,3,4,1.3333333333333333
2014,BEL,7,11,1.5714285714285714
2014,BER,1,1,1.0
2014,BIH,5,14,2.8
2014,BLR,26,72,2.769230769230769
2014,BRA,13,17,1.3076923076923077
2014,BUL,18,47,2.611111111111111
2014,CAN,217,359,1.6543778801843319
2014,CAY,1,2,2.0
2014,CHI,6,14,2.3333333333333335
2014,CHN,62,109,1.7580645161290323
2014,CRO,11,25,2.272727272727273
2014,CYP,1,2,2.0
2014,CZE,87,179,2.057471264367816
2014,DEN,10,15,1.5
2014,DMA,1,1,1.0
2014,ESP,20,39,1.95
2014,EST,25,66,2.64
2014,FIN,99,147,1.4848484848484849
2014,FRA,107,201,1.8785046728971964
2014,GBR,53,78,1.471698113207547
2014,GEO,4,7,1.75
2014,GER,151,271,1.794701986754967
2014,GRE,7,13,1.8571428571428572
2014,HKG,1,1,1.0
2014,HUN,16,37,2.3125
2014,IND,2,2,1.0
2014,IOA,1,1,1.0
2014,IRI,5,7,1.4
2014,IRL,5,8,1.6
2014,ISL,5,11,2.2
2014,ISR,4,6,1.5
2014,ISV,1,2,2.0
2014,ITA,110,227,2.0636363636363635
2014,IVB,1,1,1.0
2014,JAM,2,2,1.0
2014,JPN,109,171,1.5688073394495412
2014,KAZ,50,115,2.3
2014,KGZ,1,2,2.0
2014,KOR,71,130,1.8309859154929577
2014,LAT,56,82,1.4642857142857142
2014,LIB,2,3,1.5
2014,LIE,3,5,1.6666666666666667
2014,LTU,9,20,2.2222222222222223
2014,LUX,1,1,1.0
2014,MAR,2,4,2.0
2014,MDA,4,5,1.25
2014,MEX,1,1,1.0
2014,MGL,2,2,1.0
2014,MKD,3,6,2.0
2014,MLT,1,2,2.0
2014,MNE,2,3,1.5
2014,MON,5,11,2.2
2014,NED,39,82,2.1025641025641026
2014,NEP,1,1,1.0
2014,NOR,110,219,1.990909090909091
2014,NZL,14,18,1.2857142857142858
2014,PAK,1,1,1.0
2014,PAR,1,1,1.0
2014,PER,3,5,1.6666666666666667
2014,PHI,1,1,1.0
2014,POL,58,149,2.5689655172413794
2014,POR,2,4,2.0
2014,ROU,22,40,1.8181818181818181
2014,RUS,213,353,1.6572769953051643
2014,SLO,58,116,2.0
2014,SMR,2,2,1.0
2014,SRB,8,17,2.125
2014,SUI,152,219,1.4407894736842106
2014,SVK,62,115,1.8548387096774193
2014,SWE,99,148,1.494949494949495
2014,TGA,1,1,1.0
2014,THA,2,3,1.5
2014,TJK,1,1,1.0
2014,TLS,1,1,1.0
2014,TOG,2,3,1.5
2014,TPE,3,5,1.6666666666666667
2014,TUR,6,11,1.8333333333333333
2014,UKR,42,101,2.4047619047619047
2014,USA,222,367,1.6531531531531531
2014,UZB,3,5,1.6666666666666667
2014,VEN,1,1,1.0
2014,ZIM,1,2,2.0
2016,AFG,3,3,1.0
2016,ALB,6,6,1.0
2016,ALG,64,74,1.15625
2016,AND,4,4,1.0
2016,ANG,26,26,1.0
2016,ANT,8,9,1.125
2016,ARG,215,232,1.0790697674418606
2016,ARM,31,34,1.096774193548387
2016,ARU,7,7,1.0
2016,ASA,4,4,1.0
2016,AUS,420,518,1.2333333333333334
2016,AUT,71,85,1.1971830985915493
2016,AZE,56,69,1.2321428571428572
2016,BAH,29,38,1.3103448275862069
2016,BAN,7,7,1.0
2016,BAR,11,13,1.1818181818181819
2016,BDI,9,10,1.1111111111111112
2016,BEL,104,138,1.3269230769230769
2016,BEN,6,6,1.0
2016,BER,8,8,1.0
2016,BHU,2,2,1.0
2016,BIH,11,11,1.0
2016,BIZ,3,3,1.0
2016,BLR,120,142,1.1833333333333333
2016,BOL,12,12,1.0
2016,BOT,12,14,1.1666666666666667
2016,BRA,462,583,1.2619047619047619
2016,BRN,33,33,1.0
2016,BRU,3,3,1.0
2016,BUL,51,58,1.1372549019607843
2016,BUR,5,5,1.0
2016,CAF,6,6,1.0
2016,CAM,6,6,1.0
2016,CAN,310,405,1.3064516129032258
2016,CAY,5,5,1.0
2016,CGO,10,10,1.0
2016,CHA,2,2,1.0
2016,CHI,42,47,1.119047619047619
2016,CHN,392,499,1.2729591836734695
2016,CIV,12,15,1.25
2016,CMR,22,22,1.0
2016,COD,4,4,1.0
2016,COK,9,9,1.0
2016,COL,143,157,1.097902097902098
2016,COM,4,4,1.0
2016,CPV,5,5,1.0
2016,CRC,11,12,1.0909090909090908
2016,CRO,85,93,1.0941176470588236
2016,CUB,117,143,1.2222222222222223
2016,CYP,15,21,1.4
2016,CZE,104,135,1.2980769230769231
2016,DEN,119,143,1.2016806722689075
2016,DJI,7,8,1.1428571428571428
2016,DMA,2,2,1.0
2016,DOM,26,30,1.1538461538461537
2016,ECU,37,40,1.0810810810810811
2016,EGY,121,137,1.1322314049586777
2016,ERI,12,12,1.0
2016,ESA,8,10,1.25
2016,ESP,307,363,1.1824104234527688
2016,EST,46,49,1.065217391304348
2016,ETH,37,38,1.027027027027027
2016,FIJ,53,53,1.0
2016,FIN,54,67,1.2407407407407407
2016,FRA,392,512,1.3061224489795917
2016,FSM,5,5,1.0
2016,GAB,6,6,1.0
2016,GAM,4,4,1.0
2016,GBR,360,478,1.3277777777777777
2016,GBS,5,5,1.0
2016,GEO,40,45,1.125
2016,GEQ,1,1,1.0
2016,GER,418,536,1.2822966507177034
2016,GHA,13,15,1.1538461538461537
2016,GRE,92,104,1.1304347826086956
2016,GRN,6,6,1.0
2016,GUA,21,25,1.1904761904761905
2016,GUI,5,5,1.0
2016,GUM,5,5,1.0
2016,GUY,6,7,1.1666666666666667
2016,HAI,10,10,1.0
2016,HKG,37,47,1.2702702702702702
2016,HON,23,23,1.0
2016,HUN,154,204,1.3246753246753247
2016,INA,28,31,1.1071428571428572
2016,IND,112,130,1.1607142857142858
2016,IOA,9,9,1.0
2016,IRI,63,67,1.0634920634920635
2016,IRL,76,93,1.2236842105263157
2016,IRQ,20,20,1.0
2016,ISL,8,14,1.75
2016,ISR,47,59,1.2553191489361701
2016,ISV,7,7,1.0
2016,ITA,309,399,1.2912621359223302
2016,IVB,4,4,1.0
2016,JAM,56,77,1.375
2016,JOR,8,8,1.0
2016,JPN,335,436,1.3014925373134327
2016,KAZ,101,123,1.2178217821782178
2016,KEN,79,80,1.0126582278481013
2016,KGZ,19,19,1.0
2016,KIR,3,3,1.0
2016,KOR,207,263,1.2705314009661837
2016,KOS,8,8,1.0
2016,KSA,10,11,1.1
2016,LAO,5,5,1.0
2016,LAT,32,33,1.03125
2016,LBA,7,7,1.0
2016,LBR,2,3,1.5
2016,LCA,5,5,1.0
2016,LES,8,9,1.125
2016,LIB,9,9,1.0
2016,LIE,3,3,1.0
2016,LTU,67,80,1.1940298507462686
2016,LUX,10,15,1.5
2016,MAD,6,6,1.0
2016,MAR,48,52,1.0833333333333333
2016,MAS,32,42,1.3125
2016,MAW,5,5,1.0
2016,MDA,23,23,1.0
2016,MDV,4,4,1.0
2016,MEX,123,139,1.1300813008130082
2016,MGL,43,46,1.069767441860465
2016,MHL,5,5,1.0
2016,MKD,6,6,1.0
2016,MLI,6,6,1.0
2016,MLT,7,8,1.1428571428571428
2016,MNE,35,35,1.0
2016,MON,3,8,2.6666666666666665
2016,MOZ,6,8,1.3333333333333333
2016,MRI,11,11,1.0
2016,MTN,2,2,1.0
2016,MYA,7,8,1.1428571428571428
2016,NAM,10,11,1.1
2016,NCA,5,5,1.0
2016,NED,237,329,1.3881856540084387
2016,NEP,7,7,1.0
2016,NGR,71,77,1.0845070422535212
2016,NIG,6,6,1.0
2016,NOR,62,77,1.2419354838709677
2016,NRU,2,2,1.0
2016,NZL,195,232,1.1897435897435897
2016,OMA,4,4,1.0
2016,PAK,7,7,1.0
2016,PAN,10,14,1.4
2016,PAR,11,11,1.0
2016,PER,29,34,1.1724137931034482
2016,PHI,13,13,1.0
2016,PLE,6,6,1.0
2016,PLW,5,6,1.2
2016,PNG,8,8,1.0
2016,POL,234,289,1.235042735042735
2016,POR,90,106,1.1777777777777778
2016,PRK,31,38,1.2258064516129032
2016,PUR,40,41,1.025
2016,QAT,37,42,1.135135135135135
2016,ROT,10,12,1.2
2016,ROU,95,121,1.2736842105263158
2016,RSA,135,155,1.1481481481481481
2016,RUS,284,406,1.4295774647887325
2016,RWA,7,7,1.0
2016,SAM,8,9,1.125
2016,SEN,22,22,1.0
2016,SEY,10,10,1.0
2016,SGP,25,32,1.28
2016,SKN,6,9,1.5
2016,SLE,4,4,1.0
2016,SLO,63,70,1.1111111111111112
2016,SMR,4,4,1.0
2016,SOL,3,3,1.0
2016,SOM,2,2,1.0
2016,SRB,103,127,1.233009708737864
2016,SRI,9,10,1.1111111111111112
2016,SSD,3,3,1.0
2016,STP,3,3,1.0
2016,SUD,6,6,1.0
2016,SUI,102,152,1.4901960784313726
2016,SUR,6,6,1.0
2016,SVK,51,63,1.2352941176470589
2016,SWE,150,186,1.24
2016,SWZ,2,2,1.0
2016,SYR,7,7,1.0
2016,TAN,7,7,1.0
2016,TGA,7,7,1.0
2016,THA,54,58,1.0740740740740742
2016,TJK,7,7,1.0
2016,TKM,9,9,1.0
2016,TLS,3,3,1.0
2016,TOG,5,5,1.0
2016,TPE,55,67,1.2181818181818183
2016,TTO,28,43,1.5357142857142858
2016,TUN,61,65,1.0655737704918034
2016,TUR,100,119,1.19
2016,TUV,1,1,1.0
2016,UAE,12,12,1.0
2016,UGA,21,23,1.0952380952380953
2016,UKR,204,272,1.3333333333333333
2016,URU,17,17,1.0
2016,USA,555,719,1.2954954954954956
2016,UZB,70,80,1.1428571428571428
2016,VAN,4,4,1.0
2016,VEN,85,105,1.2352941176470589
2016,VIE,22,28,1.2727272727272727
2016,VIN,4,4,1.0
2016,YEM,3,3,1.0
2016,ZAM,7,7,1.0
2016,ZIM,30,31,1.0333333333333334
